{"type": "FeatureCollection", "features": [{"type": "Feature", "properties": {"municipio": "Vélez"}, "geometry": {"type": "Polygon", "coordinates": [[[-73.7882479, 6.5574971], [-73.788145, 6.5565205], [-73.787553, 6.5554489], [-73.7865691, 6.554184], [-73.7858815, 6.5535038], [-73.7850962, 6.552824], [-73.7843115, 6.552242], [-73.7836239, 6.5515618], [-73.7826427, 6.5507854], [-73.7818579, 6.5502033], [-73.7811698, 6.5494254], [-73.7811646, 6.5484483], [-73.7805742, 6.5476698], [-73.7798866, 6.5469895], [-73.7794911, 6.5461123], [-73.7793881, 6.5451357], [-73.7793487, 6.5378077], [-73.7794396, 6.536537], [-73.7797248, 6.5350698], [-73.7804975, 6.5334046], [-73.7805868, 6.5318408], [-73.7811682, 6.5309583], [-73.7813584, 6.5299802], [-73.7813468, 6.5278306], [-73.7816352, 6.5269497], [-73.7816299, 6.5259726], [-73.7817224, 6.524995], [-73.7819115, 6.5238215], [-73.7821998, 6.5229405], [-73.7825859, 6.5220591], [-73.7828727, 6.520885], [-73.7829636, 6.5196143], [-73.7832514, 6.5186357], [-73.7834415, 6.5176576], [-73.7834363, 6.5166805], [-73.7833334, 6.515704], [-73.7829379, 6.5148267], [-73.7826756, 6.5140194], [-73.7826536, 6.5137191], [-73.7826426, 6.5134194], [-73.7826431, 6.5130998], [-73.7826545, 6.5128594], [-73.7826825, 6.512597], [-73.7827765, 6.5119579], [-73.7828095, 6.5116655], [-73.7828225, 6.5114018], [-73.7828219, 6.5109153], [-73.7828263, 6.5107224], [-73.7828393, 6.5105406], [-73.7828689, 6.5103092], [-73.7828924, 6.5101678], [-73.7829201, 6.5100526], [-73.7829528, 6.5099601], [-73.7830423, 6.509759], [-73.7830767, 6.5096682], [-73.7831298, 6.5094749], [-73.7831555, 6.509325], [-73.7831584, 6.5092486], [-73.7831514, 6.5091641], [-73.7830811, 6.5088187], [-73.7830708, 6.5087396], [-73.783068, 6.5086667], [-73.7830729, 6.5085106], [-73.7830885, 6.508348], [-73.7831141, 6.508182], [-73.7831518, 6.5080002], [-73.7831949, 6.5078308], [-73.7832418, 6.507704], [-73.7833175, 6.5075587], [-73.7834081, 6.5074269], [-73.7835147, 6.5073099], [-73.7836608, 6.507181], [-73.7837248, 6.5071353], [-73.7838804, 6.5070402], [-73.7839475, 6.5069885], [-73.7840585, 6.506873], [-73.7840924, 6.5068262], [-73.7841159, 6.5067817], [-73.7841336, 6.5067216], [-73.7841408, 6.5066491], [-73.7841389, 6.5065684], [-73.7841261, 6.5064158], [-73.7841042, 6.5063126], [-73.7840301, 6.5060755], [-73.7840178, 6.5060154], [-73.7840126, 6.5059607], [-73.7840145, 6.5058809], [-73.7840249, 6.5057939], [-73.7840739, 6.5055816], [-73.784141, 6.5053526], [-73.7842109, 6.5051602], [-73.7842982, 6.504963], [-73.7843985, 6.5047736], [-73.7844484, 6.5046937], [-73.7845107, 6.5046135], [-73.7847361, 6.5043731], [-73.784808, 6.5042897], [-73.7848653, 6.5042101], [-73.7849083, 6.5041327], [-73.7849627, 6.5039973], [-73.784987, 6.5039034], [-73.7849924, 6.5038107], [-73.7849825, 6.5036564], [-73.784961, 6.5035129], [-73.7849214, 6.5033556], [-73.7848643, 6.5031824], [-73.7847644, 6.5029167], [-73.784674, 6.5027336], [-73.784433, 6.5023231], [-73.7843815, 6.5022176], [-73.7843427, 6.5021194], [-73.7843185, 6.5020384], [-73.7843017, 6.5019534], [-73.7842589, 6.5015842], [-73.7842418, 6.5015083], [-73.7842194, 6.5014407], [-73.7841808, 6.5013569], [-73.7841283, 6.5012685], [-73.784063, 6.5011759], [-73.7838611, 6.5009107], [-73.7838053, 6.5008241], [-73.7837627, 6.5007433], [-73.7837022, 6.500586], [-73.7836498, 6.5004127], [-73.7836109, 6.500241], [-73.7835855, 6.5000716], [-73.7835755, 6.499952], [-73.7835715, 6.4998275], [-73.7835818, 6.4995655], [-73.783596, 6.499425], [-73.7836143, 6.4993006], [-73.7836375, 6.4991873], [-73.7836661, 6.4990834], [-73.7837028, 6.4989765], [-73.7837442, 6.498875], [-73.7837901, 6.4987798], [-73.7838396, 6.4986922], [-73.7839039, 6.4986074], [-73.784076, 6.4984228], [-73.7841136, 6.4983722], [-73.7841421, 6.4983228], [-73.7841779, 6.4982415], [-73.7842094, 6.4981475], [-73.7842689, 6.497891], [-73.7842889, 6.4977567], [-73.7843007, 6.4976135], [-73.7843044, 6.4974608], [-73.7843, 6.4972972], [-73.7842875, 6.4971228], [-73.7842688, 6.4969682], [-73.784243, 6.4968279], [-73.7842098, 6.4967001], [-73.7841635, 6.496571], [-73.7840998, 6.4964311], [-73.7840164, 6.4962747], [-73.7838855, 6.496049], [-73.7837692, 6.4958897], [-73.7835343, 6.4956172], [-73.7834481, 6.49551], [-73.7833702, 6.4953964], [-73.7833121, 6.4952881], [-73.7832441, 6.4951066], [-73.7832046, 6.4949525], [-73.7831954, 6.4948553], [-73.7831994, 6.4946505], [-73.7831949, 6.4945632], [-73.7831655, 6.4943887], [-73.7831212, 6.4942193], [-73.7830611, 6.4940496], [-73.7829953, 6.4939105], [-73.7829398, 6.4938263], [-73.7827995, 6.4936601], [-73.7827446, 6.4935836], [-73.78266, 6.4934273], [-73.7825642, 6.4932104], [-73.7825235, 6.4930843], [-73.7824895, 6.4929394], [-73.782416, 6.4924732], [-73.7823869, 6.4923206], [-73.7823532, 6.4921901], [-73.782313, 6.4920748], [-73.7822644, 6.4919683], [-73.7821967, 6.4918381], [-73.782126, 6.4917159], [-73.7820505, 6.4915974], [-73.7819674, 6.4914885], [-73.7817631, 6.4912542], [-73.7816818, 6.4911418], [-73.7815729, 6.4909491], [-73.7814858, 6.4907559], [-73.7814319, 6.4906057], [-73.7813924, 6.4904715], [-73.781366, 6.4903485], [-73.7813522, 6.4902345], [-73.7813524, 6.4901726], [-73.7813601, 6.4901031], [-73.781419, 6.489804], [-73.7814236, 6.4897342], [-73.7814197, 6.4896715], [-73.7814031, 6.4895805], [-73.7813764, 6.4894836], [-73.7813394, 6.4893803], [-73.7812915, 6.4892687], [-73.7812122, 6.4891207], [-73.7810992, 6.4889499], [-73.7810845, 6.4889307], [-73.7810514, 6.4889514], [-73.7808058, 6.4890921], [-73.7791538, 6.4898856], [-73.777499, 6.4906833], [-73.7766979, 6.4911168], [-73.7728334, 6.4921842], [-73.7713936, 6.4929041], [-73.7695939, 6.4947038], [-73.7694895, 6.4948291], [-73.7686941, 6.4957836], [-73.7672543, 6.4961435], [-73.7642131, 6.4965867], [-73.7615215, 6.4970217], [-73.7614662, 6.4950803], [-73.7631368, 6.4950451], [-73.7627135, 6.4945474], [-73.7623746, 6.4939264], [-73.7621258, 6.4925021], [-73.7629692, 6.4917387], [-73.7633803, 6.490542], [-73.7630867, 6.4900088], [-73.7625134, 6.4901085], [-73.7619988, 6.4906755], [-73.7612694, 6.4911877], [-73.7605764, 6.4905929], [-73.7601149, 6.4893874], [-73.7597844, 6.4878508], [-73.7601209, 6.4874841], [-73.7604086, 6.4873922], [-73.7611714, 6.4878029], [-73.7618657, 6.488125], [-73.7622471, 6.487851], [-73.76251, 6.4873984], [-73.7619435, 6.4870774], [-73.7612079, 6.4868432], [-73.7604729, 6.48689], [-73.7602007, 6.486739], [-73.7602, 6.4860161], [-73.7601992, 6.4850606], [-73.7600556, 6.483558], [-73.7600046, 6.4827993], [-73.7595779, 6.4822867], [-73.7591017, 6.4818998], [-73.7585781, 6.4815969], [-73.7580037, 6.4816657], [-73.7575394, 6.4820358], [-73.7571873, 6.4823796], [-73.7570805, 6.483059], [-73.7571034, 6.4840204], [-73.7568414, 6.4845446], [-73.7563354, 6.4845742], [-73.7548336, 6.484422], [-73.7540406, 6.4805527], [-73.7540354, 6.4804675], [-73.7540485, 6.4803496], [-73.7540752, 6.4802563], [-73.754118, 6.4801796], [-73.7541881, 6.4800954], [-73.7542418, 6.4800416], [-73.7542963, 6.4799954], [-73.7544268, 6.4799091], [-73.7544925, 6.4798804], [-73.7546601, 6.4798317], [-73.7547003, 6.4798127], [-73.7547344, 6.4797892], [-73.7547815, 6.4797453], [-73.7548312, 6.4796859], [-73.7549309, 6.4795473], [-73.7549938, 6.479451], [-73.75504, 6.4793677], [-73.7550738, 6.4792906], [-73.7550958, 6.4792181], [-73.7551067, 6.4791478], [-73.7551088, 6.479059], [-73.7551, 6.4789662], [-73.7550809, 6.4788747], [-73.7550525, 6.4787899], [-73.7550106, 6.4787082], [-73.754949, 6.4786216], [-73.7548435, 6.4785028], [-73.7547523, 6.4784147], [-73.7546435, 6.4783297], [-73.7543636, 6.4781327], [-73.7542247, 6.4780449], [-73.7538319, 6.4778103], [-73.7537153, 6.4777328], [-73.7536147, 6.477658], [-73.753422, 6.4774958], [-73.7532743, 6.4773556], [-73.7531225, 6.4771875], [-73.7529966, 6.4770238], [-73.7528947, 6.4768668], [-73.7528108, 6.4767124], [-73.7527672, 6.4766064], [-73.7526914, 6.4763614], [-73.7526512, 6.476256], [-73.7525686, 6.4760977], [-73.7524523, 6.4759113], [-73.7522847, 6.4756766], [-73.7520802, 6.475431], [-73.7519951, 6.4753467], [-73.7517912, 6.4751695], [-73.7517107, 6.4750861], [-73.7516564, 6.4750121], [-73.7515934, 6.4748973], [-73.7515519, 6.4748023], [-73.7515182, 6.4747056], [-73.7514934, 6.4746095], [-73.7514778, 6.4745161], [-73.7514778, 6.4744135], [-73.7515086, 6.4741631], [-73.7515074, 6.4741019], [-73.7514967, 6.4740274], [-73.7514754, 6.4739322], [-73.7514463, 6.4738376], [-73.7514114, 6.4737495], [-73.7513732, 6.473676], [-73.7513164, 6.473591], [-73.7512463, 6.4735068], [-73.7511623, 6.4734225], [-73.7510628, 6.4733366], [-73.7509291, 6.4732352], [-73.7507471, 6.4731097], [-73.7505534, 6.4730061], [-73.7504811, 6.4729545], [-73.7504331, 6.4729012], [-73.7503491, 6.4727775], [-73.7503094, 6.4727282], [-73.7502538, 6.4726751], [-73.7500951, 6.4725434], [-73.7500551, 6.4725013], [-73.7500189, 6.4724527], [-73.7499728, 6.4723748], [-73.7499321, 6.4722857], [-73.7498964, 6.4721845], [-73.7498647, 6.4720684], [-73.7498145, 6.4718094], [-73.7498008, 6.4714931], [-73.749782, 6.4713583], [-73.7497548, 6.4712291], [-73.7497243, 6.4711148], [-73.7496893, 6.4710117], [-73.7496495, 6.4709186], [-73.7495481, 6.4707369], [-73.7495019, 6.470672], [-73.7494549, 6.4706187], [-73.749387, 6.4705646], [-73.749237, 6.470482], [-73.7491791, 6.4704431], [-73.7490649, 6.4703422], [-73.7489688, 6.4702356], [-73.7488949, 6.4701321], [-73.7488318, 6.4700207], [-73.7487794, 6.4699013], [-73.7487378, 6.469774], [-73.7486002, 6.4689774], [-73.74801, 6.4681988], [-73.7480048, 6.4672217], [-73.747902, 6.4662451], [-73.7474095, 6.465466], [-73.7469159, 6.4644915], [-73.7468131, 6.4635149], [-73.746808, 6.4625378], [-73.7463155, 6.4617587], [-73.7456276, 6.4609806], [-73.744842, 6.460203], [-73.7442518, 6.4594244], [-73.7433706, 6.4590382], [-73.742293, 6.4584575], [-73.7415079, 6.4577776], [-73.7407234, 6.4571955], [-73.740036, 6.4565151], [-73.7391554, 6.4562265], [-73.738176, 6.4557431], [-73.736904, 6.4553589], [-73.7352403, 6.4547813], [-73.7339669, 6.4541039], [-73.7330862, 6.4538154], [-73.7323012, 6.4531355], [-73.7316123, 6.4521619], [-73.7313146, 6.4512841], [-73.7308216, 6.4504072], [-73.73023, 6.4493354], [-73.7290496, 6.4477782], [-73.7283618, 6.447], [-73.7277691, 6.4457328], [-73.7272766, 6.4449537], [-73.7271728, 6.4437816], [-73.7265827, 6.443003], [-73.725701, 6.442519], [-73.7246245, 6.4421337], [-73.7234497, 6.4416513], [-73.7218853, 6.4413662], [-73.7208093, 6.4410787], [-73.7198319, 6.440986], [-73.718264, 6.440017], [-73.7173808, 6.4392398], [-73.7160061, 6.4378789], [-73.7152217, 6.4372967], [-73.7142403, 6.4364223], [-73.7131633, 6.4359393], [-73.7124755, 6.4351611], [-73.711752, 6.4347762], [-73.7112021, 6.4344837], [-73.710612, 6.433705], [-73.7092374, 6.4323441], [-73.7083567, 6.4320555], [-73.7075722, 6.4314732], [-73.7068849, 6.4307927], [-73.706101, 6.4303082], [-73.7049253, 6.4296302], [-73.7041413, 6.4291457], [-73.7032587, 6.4284662], [-73.7016908, 6.4274971], [-73.7009063, 6.4269148], [-73.7001224, 6.4264303], [-73.6990469, 6.4262404], [-73.6982619, 6.4255604], [-73.6967902, 6.4242976], [-73.6951226, 6.4229381], [-73.6935572, 6.4224575], [-73.6917954, 6.4217825], [-73.6900292, 6.420228], [-73.6879689, 6.4184796], [-73.6868875, 6.4171171], [-73.6850206, 6.4149768], [-73.682948, 6.4107855], [-73.6825508, 6.4095172], [-73.6824392, 6.4067817], [-73.6824288, 6.4047297], [-73.6824884, 6.4042048], [-73.6828747, 6.4036654], [-73.683519, 6.4028653], [-73.6842923, 6.4019162], [-73.6846039, 6.401266], [-73.6847316, 6.4008762], [-73.6849878, 6.4002447], [-73.685301, 6.3999096], [-73.6856337, 6.3997596], [-73.6863001, 6.3996636], [-73.6869853, 6.399623], [-73.6876871, 6.3994726], [-73.687693, 6.3993939], [-73.6878693, 6.3991121], [-73.688022, 6.3988673], [-73.6882778, 6.3984671], [-73.6886843, 6.3983866], [-73.6890567, 6.3985877], [-73.6893164, 6.3986517], [-73.6896728, 6.3985216], [-73.690307, 6.3981842], [-73.6906416, 6.3980296], [-73.6910082, 6.3979472], [-73.6914088, 6.3979805], [-73.6919786, 6.3982316], [-73.6921721, 6.3985085], [-73.6922612, 6.3985695], [-73.6924536, 6.398487], [-73.692705, 6.3982502], [-73.6928616, 6.3979447], [-73.692997, 6.3975857], [-73.6931923, 6.3973313], [-73.6936961, 6.3970906], [-73.693995, 6.3973458], [-73.6941133, 6.3980199], [-73.6941894, 6.3986142], [-73.6942494, 6.3989072], [-73.6943187, 6.3992474], [-73.6942055, 6.3996706], [-73.6940609, 6.4000202], [-73.6940564, 6.4001903], [-73.6942195, 6.4003524], [-73.6943504, 6.4003337], [-73.6944732, 6.400253], [-73.6946402, 6.4000708], [-73.6948209, 6.3998669], [-73.6950477, 6.3995976], [-73.6953274, 6.3992646], [-73.6955637, 6.3989525], [-73.6958005, 6.3985765], [-73.6958068, 6.3983141], [-73.6957984, 6.3979567], [-73.6959876, 6.3974705], [-73.6961713, 6.3970255], [-73.696522, 6.3961851], [-73.6968608, 6.3953571], [-73.6969589, 6.3949844], [-73.6969587, 6.3946198], [-73.69683, 6.3942124], [-73.6966822, 6.3937694], [-73.6966093, 6.3934142], [-73.6965763, 6.3930494], [-73.6966485, 6.3925082], [-73.6967781, 6.3918578], [-73.6968248, 6.3915524], [-73.6968879, 6.3913059], [-73.6970319, 6.3910906], [-73.6974309, 6.3907228], [-73.6976471, 6.3905365], [-73.6978273, 6.3903826], [-73.6981402, 6.3901455], [-73.6983891, 6.389883], [-73.6986463, 6.3894313], [-73.6989307, 6.3889586], [-73.6991385, 6.3886212], [-73.6993483, 6.3883021], [-73.6994423, 6.3881229], [-73.6995317, 6.3879378], [-73.6997056, 6.3875524], [-73.6998244, 6.3872799], [-73.6999983, 6.3869951], [-73.7002334, 6.3867184], [-73.7004976, 6.3865621], [-73.7009215, 6.3864665], [-73.7010711, 6.3863526], [-73.7012193, 6.3860624], [-73.7012851, 6.3858211], [-73.7012919, 6.3855778], [-73.7012543, 6.3848979], [-73.7012238, 6.384157], [-73.7011773, 6.3834047], [-73.7012105, 6.3829866], [-73.7013258, 6.3826698], [-73.7015772, 6.3824408], [-73.7019472, 6.3822667], [-73.7022417, 6.3821383], [-73.7025299, 6.3820219], [-73.7027111, 6.3819371], [-73.7029803, 6.3817908], [-73.7032296, 6.3816183], [-73.7033969, 6.3814952], [-73.7035039, 6.3813816], [-73.7036254, 6.38113], [-73.7036199, 6.3809366], [-73.7035575, 6.3807884], [-73.7034455, 6.3806886], [-73.7031223, 6.3804767], [-73.7029117, 6.3801767], [-73.7029508, 6.3797673], [-73.703071, 6.3794727], [-73.7031802, 6.3792634], [-73.7033365, 6.3790494], [-73.7036014, 6.3787272], [-73.7039353, 6.3784406], [-73.7042354, 6.3782895], [-73.7045306, 6.3781991], [-73.7048019, 6.378353], [-73.7049125, 6.378484], [-73.705063, 6.3785157], [-73.7054091, 6.3785501], [-73.7057849, 6.3785427], [-73.7061614, 6.3785263], [-73.7064892, 6.3785], [-73.7068105, 6.378458], [-73.7069947, 6.3784131], [-73.7071325, 6.3783281], [-73.7073078, 6.3780992], [-73.7074292, 6.3777402], [-73.708061, 6.3777071], [-73.7085689, 6.3776731], [-73.7089538, 6.3776043], [-73.7093361, 6.3775272], [-73.70959, 6.377438], [-73.7098343, 6.3772934], [-73.7101395, 6.3771139], [-73.7104431, 6.3769343], [-73.7107583, 6.3767399], [-73.7111163, 6.3764941], [-73.711241, 6.3763473], [-73.711347, 6.3761505], [-73.7114487, 6.3758623], [-73.7114599, 6.3756719], [-73.7114075, 6.375528], [-73.7112889, 6.3753871], [-73.7111605, 6.3752904], [-73.7109601, 6.3752234], [-73.7107234, 6.3751902], [-73.7103047, 6.3751973], [-73.7099539, 6.3752719], [-73.709662, 6.3753824], [-73.7092854, 6.3753201], [-73.70904, 6.3750894], [-73.7089145, 6.3748477], [-73.7088691, 6.3746119], [-73.7088314, 6.3740383], [-73.7087272, 6.3736243], [-73.708613, 6.3730354], [-73.7086617, 6.3727502], [-73.7088124, 6.3724517], [-73.708935, 6.3722297], [-73.7090843, 6.3720317], [-73.7092634, 6.37188], [-73.7095702, 6.3716475], [-73.7097068, 6.3714784], [-73.7098062, 6.3712975], [-73.7098765, 6.3710981], [-73.7099487, 6.3708623], [-73.7099795, 6.3706905], [-73.7099602, 6.3705584], [-73.709891, 6.3704685], [-73.7097805, 6.3704811], [-73.7092988, 6.3706788], [-73.7089406, 6.3707161], [-73.708639, 6.3704777], [-73.7085223, 6.3701848], [-73.708616, 6.3698524], [-73.7087011, 6.369577], [-73.7088482, 6.3691378], [-73.7090593, 6.3685997], [-73.709237, 6.3683885], [-73.7094623, 6.3681747], [-73.7095808, 6.3679703], [-73.7097746, 6.3675035], [-73.7100044, 6.3669679], [-73.7100842, 6.3665809], [-73.7101548, 6.3661971], [-73.7101308, 6.3660424], [-73.7100241, 6.3657098], [-73.7100708, 6.3653548], [-73.7101827, 6.3650993], [-73.7103574, 6.3648929], [-73.7106269, 6.3646847], [-73.7109828, 6.3644833], [-73.7111858, 6.3643459], [-73.7113851, 6.3641921], [-73.7114762, 6.3640782], [-73.7115175, 6.3639028], [-73.7115483, 6.3636127], [-73.7116585, 6.3631639], [-73.7117813, 6.3627282], [-73.7119488, 6.3620991], [-73.7120185, 6.3618487], [-73.7121131, 6.3615492], [-73.71223, 6.3612539], [-73.7124274, 6.3609689], [-73.7126916, 6.3607148], [-73.712901, 6.3605526], [-73.7131876, 6.3603518], [-73.7136384, 6.3600456], [-73.7140782, 6.3597403], [-73.71442, 6.3594895], [-73.7147802, 6.3592299], [-73.7150746, 6.3590665], [-73.7153772, 6.3589473], [-73.71566, 6.3588109], [-73.7158233, 6.3587102], [-73.7159801, 6.3586005], [-73.716208, 6.3584076], [-73.7163601, 6.3582357], [-73.7164951, 6.3580403], [-73.71667, 6.357823], [-73.7168489, 6.3576714], [-73.717037, 6.3575373], [-73.7173426, 6.3573564], [-73.7177849, 6.3571602], [-73.718029, 6.3571404], [-73.7181935, 6.3571135], [-73.7183, 6.3570369], [-73.7184765, 6.3566985], [-73.7186585, 6.3563123], [-73.7187846, 6.3560514], [-73.7190341, 6.3556327], [-73.7192632, 6.3553784], [-73.7193098, 6.3552246], [-73.7192827, 6.354925], [-73.7192511, 6.3545721], [-73.7192513, 6.3543313], [-73.7192362, 6.3532594], [-73.719252, 6.3528865], [-73.7193174, 6.3525969], [-73.7193739, 6.3523763], [-73.7194693, 6.3521278], [-73.7196812, 6.351934], [-73.7200375, 6.3517142], [-73.7201736, 6.3515537], [-73.7203918, 6.3509632], [-73.7204827, 6.3507176], [-73.720551, 6.3505193], [-73.7207623, 6.3499374], [-73.7208135, 6.349748], [-73.7208842, 6.3494583], [-73.7208382, 6.349325], [-73.7206378, 6.348969], [-73.7205618, 6.3487171], [-73.7205026, 6.3484471], [-73.7205022, 6.3480813], [-73.7207088, 6.3477857], [-73.7210175, 6.3476476], [-73.721084, 6.3475201], [-73.7212069, 6.3472281], [-73.7214555, 6.346773], [-73.7216487, 6.3465339], [-73.7219411, 6.3463219], [-73.7222573, 6.3462767], [-73.7225107, 6.3463198], [-73.7227437, 6.3463928], [-73.7230445, 6.3465495], [-73.7233099, 6.346706], [-73.7234943, 6.3467765], [-73.723699, 6.3468157], [-73.7239046, 6.3468168], [-73.724042, 6.3467712], [-73.7242644, 6.3466163], [-73.7243885, 6.346484], [-73.7244894, 6.3463009], [-73.7247157, 6.3460735], [-73.7249567, 6.3458506], [-73.7251934, 6.3455889], [-73.7254264, 6.3453127], [-73.7255756, 6.3451272], [-73.7257712, 6.3448643], [-73.7259251, 6.3446514], [-73.7262686, 6.3442107], [-73.7263431, 6.3438817], [-73.72642, 6.3434972], [-73.726513, 6.3431682], [-73.72666, 6.3429277], [-73.7268345, 6.3427625], [-73.727047, 6.3425868], [-73.7272638, 6.3424154], [-73.7274886, 6.3422823], [-73.7279154, 6.3420354], [-73.7280981, 6.341899], [-73.728225, 6.3417569], [-73.7283447, 6.3415908], [-73.7284561, 6.3414066], [-73.7286003, 6.3411725], [-73.7288263, 6.3407889], [-73.7289337, 6.3405862], [-73.7290092, 6.3403904], [-73.7291033, 6.3400012], [-73.7292233, 6.3397679], [-73.7293777, 6.3395171], [-73.7295641, 6.3392865], [-73.7297526, 6.339083], [-73.7299933, 6.3388336], [-73.7303033, 6.338459], [-73.7306228, 6.338089], [-73.7308319, 6.3378327], [-73.7309811, 6.3376754], [-73.7311279, 6.3375201], [-73.7314268, 6.3372204], [-73.7316291, 6.3370166], [-73.731841, 6.3367751], [-73.7320238, 6.3365236], [-73.7324482, 6.3358685], [-73.7328182, 6.3352881], [-73.7333491, 6.3343084], [-73.733888, 6.333316], [-73.7341573, 6.3329223], [-73.7346118, 6.3323844], [-73.7350196, 6.3318675], [-73.735101, 6.3316532], [-73.7351447, 6.3312358], [-73.7351864, 6.3310074], [-73.7352726, 6.330759], [-73.7355433, 6.3304706], [-73.7360066, 6.330174], [-73.7361844, 6.3300416], [-73.7362984, 6.3298788], [-73.7365929, 6.3290497], [-73.7368242, 6.3281925], [-73.7368707, 6.327791], [-73.737065, 6.3271703], [-73.7373254, 6.3269186], [-73.7374184, 6.326875], [-73.7375821, 6.3260866], [-73.7378638, 6.3256461], [-73.7384509, 6.3243517], [-73.7387519, 6.3238155], [-73.7399326, 6.3222176], [-73.7401053, 6.3213341], [-73.7408006, 6.3204443], [-73.7415538, 6.3190515], [-73.7423974, 6.3187068], [-73.7428418, 6.3185128], [-73.7430186, 6.3183108], [-73.7430754, 6.3182427], [-73.7431302, 6.3181738], [-73.7431821, 6.3181039], [-73.7432298, 6.3180325], [-73.7432718, 6.3179588], [-73.743306, 6.3178822], [-73.74333, 6.317804], [-73.7433466, 6.317723], [-73.7433576, 6.3176399], [-73.7433646, 6.3175552], [-73.7433688, 6.3174695], [-73.743371, 6.3173831], [-73.7433721, 6.3172089], [-73.7433715, 6.3169468], [-73.7433734, 6.316773], [-73.7433761, 6.3166868], [-73.7433807, 6.3166014], [-73.7433879, 6.3165171], [-73.7433987, 6.3164343], [-73.7434143, 6.3163534], [-73.7434362, 6.3162751], [-73.7434622, 6.3162076], [-73.7435534, 6.3160103], [-73.7435798, 6.3159428], [-73.7436022, 6.3158653], [-73.7436185, 6.3157853], [-73.7436301, 6.3157032], [-73.7436384, 6.3156196], [-73.743644, 6.3155348], [-73.7436477, 6.3154491], [-73.74365, 6.3153627], [-73.7436513, 6.3151882], [-73.7436487, 6.3150122], [-73.7436457, 6.3149238], [-73.743641, 6.3148352], [-73.7436341, 6.3147465], [-73.7436242, 6.3146581], [-73.7436102, 6.3145701], [-73.7435911, 6.3144809], [-73.7435466, 6.3143046], [-73.7435266, 6.3142175], [-73.7435122, 6.314132], [-73.7435071, 6.3140491], [-73.7435151, 6.3139707], [-73.7435348, 6.3139071], [-73.7435631, 6.3138508], [-73.7435951, 6.3138046], [-73.7436249, 6.3137726], [-73.7436455, 6.3137609], [-73.7437933, 6.3128371], [-73.743825, 6.3126497], [-73.743859, 6.3124674], [-73.7438777, 6.3123781], [-73.7438984, 6.3122902], [-73.7439217, 6.3122037], [-73.7439486, 6.3121189], [-73.74398, 6.3120357], [-73.7440151, 6.3119541], [-73.7440527, 6.3118736], [-73.7441329, 6.3117149], [-73.7442166, 6.3115578], [-73.7452029, 6.3097676], [-73.745288, 6.3096118], [-73.7453713, 6.3094554], [-73.7454504, 6.3092976], [-73.7454872, 6.3092178], [-73.7455211, 6.3091371], [-73.745551, 6.309055], [-73.7455762, 6.3089712], [-73.7455975, 6.3088862], [-73.7456158, 6.3088002], [-73.7456321, 6.3087135], [-73.745647, 6.3086264], [-73.745674, 6.3084512], [-73.7460055, 6.3060738], [-73.746044, 6.3058103], [-73.7460733, 6.3056365], [-73.7460903, 6.3055508], [-73.7461098, 6.3054662], [-73.7461326, 6.3053834], [-73.7461601, 6.3053029], [-73.746194, 6.3052257], [-73.7462345, 6.3051539], [-73.7462807, 6.3050849], [-73.7463305, 6.3050179], [-73.7464846, 6.3048203], [-73.7465321, 6.3047531], [-73.7465745, 6.3046838], [-73.7466095, 6.3046115], [-73.7466345, 6.304539], [-73.7466527, 6.3044637], [-73.7466661, 6.3043864], [-73.7466765, 6.3043078], [-73.7466943, 6.3041495], [-73.7467046, 6.3040709], [-73.7467178, 6.3039935], [-73.7467359, 6.3039182], [-73.7467609, 6.3038456], [-73.7467971, 6.3037718], [-73.7468415, 6.3037014], [-73.7468918, 6.3036335], [-73.7469465, 6.3035674], [-73.7470044, 6.3035025], [-73.7470645, 6.3034386], [-73.7471889, 6.3033124], [-73.7476358, 6.302874], [-73.7477593, 6.302746], [-73.7478184, 6.3026805], [-73.7478746, 6.3026136], [-73.7479267, 6.3025445], [-73.7479729, 6.3024725], [-73.7480108, 6.3023964], [-73.7480378, 6.3023178], [-73.7480567, 6.302235], [-73.7480695, 6.3021488], [-73.7480778, 6.3020596], [-73.7480827, 6.3019679], [-73.7480852, 6.301874], [-73.7480854, 6.3016808], [-73.7480818, 6.3014835], [-73.7480716, 6.3011293], [-73.7480705, 6.301075], [-73.7480719, 6.3010541], [-73.7480689, 6.3002109], [-73.7480604, 6.2992754], [-73.7480614, 6.2990955], [-73.7480639, 6.2990065], [-73.7480684, 6.2989185], [-73.7480761, 6.2988319], [-73.7480881, 6.2987472], [-73.7481061, 6.2986651], [-73.7481326, 6.2985867], [-73.7481683, 6.2985144], [-73.7482123, 6.298446], [-73.7482623, 6.2983807], [-73.7483172, 6.2983184], [-73.7483759, 6.298259], [-73.7484379, 6.2982029], [-73.7485029, 6.2981508], [-73.7485713, 6.2981039], [-73.7486434, 6.2980635], [-73.7487215, 6.2980304], [-73.7488032, 6.2980041], [-73.7488874, 6.2979826], [-73.7489733, 6.2979647], [-73.7490605, 6.2979493], [-73.7491485, 6.2979356], [-73.7493259, 6.2979113], [-73.7498614, 6.2978455], [-73.7500386, 6.2978213], [-73.7501262, 6.2978074], [-73.7502128, 6.2977917], [-73.7502978, 6.2977734], [-73.7503804, 6.2977512], [-73.7504597, 6.2977237], [-73.7505343, 6.2976887], [-73.750595, 6.2976505], [-73.7508013, 6.2971578], [-73.7507882, 6.2964251], [-73.7509845, 6.2958794], [-73.7514324, 6.2952221], [-73.7517488, 6.2946583], [-73.7519513, 6.2937273], [-73.7518754, 6.2910548], [-73.7512651, 6.2911207], [-73.7501803, 6.2914889], [-73.7491869, 6.2917163], [-73.7477369, 6.2914769], [-73.7476297, 6.2913791], [-73.7474629, 6.2912564], [-73.747261, 6.2909748], [-73.7470246, 6.2903107], [-73.746653, 6.2903095], [-73.7461823, 6.2904535], [-73.7459192, 6.2906046], [-73.745353, 6.2909008], [-73.7448745, 6.2910269], [-73.7447554, 6.2909532], [-73.7446934, 6.2907753], [-73.7448591, 6.290394], [-73.7452783, 6.2898195], [-73.745343, 6.2896698], [-73.745155, 6.289418], [-73.7449716, 6.2890734], [-73.7449231, 6.2884823], [-73.744587, 6.2878422], [-73.7442057, 6.287713], [-73.7438764, 6.2876153], [-73.742507, 6.287616], [-73.741752, 6.2873895], [-73.7411758, 6.2866595], [-73.7409798, 6.2862205], [-73.7408139, 6.2860063], [-73.7412191, 6.2854414], [-73.7420223, 6.2853849], [-73.7422619, 6.2849254], [-73.742295, 6.2847791], [-73.7422646, 6.2844506], [-73.7421511, 6.2840142], [-73.7421173, 6.2836078], [-73.7416655, 6.2833751], [-73.7411026, 6.2837271], [-73.7408637, 6.2838216], [-73.740702, 6.2837983], [-73.7402902, 6.2838826], [-73.7397136, 6.283586], [-73.739243, 6.2837356], [-73.7391843, 6.2844008], [-73.7390491, 6.2848564], [-73.7390055, 6.2850215], [-73.7388368, 6.2851263], [-73.7386258, 6.2852596], [-73.7383143, 6.2853516], [-73.7379972, 6.2854892], [-73.7378856, 6.2854951], [-73.7378362, 6.285565], [-73.7378282, 6.2858229], [-73.7378603, 6.286167], [-73.7378652, 6.2862994], [-73.7378903, 6.2864939], [-73.7378721, 6.2866685], [-73.7379037, 6.2867477], [-73.737951, 6.2869507], [-73.7379488, 6.287113], [-73.737973, 6.2873193], [-73.7378933, 6.2880156], [-73.7374113, 6.2882427], [-73.7366831, 6.2880925], [-73.736129, 6.2883429], [-73.7356927, 6.2886882], [-73.7353291, 6.2891361], [-73.7348645, 6.2891849], [-73.7344174, 6.2887647], [-73.7336662, 6.2883343], [-73.7325598, 6.2885066], [-73.7315811, 6.2880775], [-73.7308424, 6.2879509], [-73.7300299, 6.2883324], [-73.7289729, 6.2900135], [-73.7287632, 6.2901843], [-73.7284429, 6.2903704], [-73.7283194, 6.2901768], [-73.7281472, 6.2900375], [-73.7281646, 6.2891508], [-73.7279439, 6.2882423], [-73.7274342, 6.287414], [-73.7273361, 6.2867798], [-73.7278765, 6.2860235], [-73.7282873, 6.2852182], [-73.7283683, 6.284254], [-73.7277892, 6.2827631], [-73.7278631, 6.2822017], [-73.7285657, 6.2820594], [-73.7290144, 6.2825485], [-73.7295107, 6.282562], [-73.7297966, 6.2823067], [-73.7303901, 6.2822229], [-73.7305567, 6.2822926], [-73.7309534, 6.282143], [-73.7312672, 6.2817112], [-73.7314139, 6.2808768], [-73.7314267, 6.2803451], [-73.7313612, 6.2794529], [-73.7321394, 6.27874], [-73.7328956, 6.2788678], [-73.7331764, 6.2793397], [-73.7335871, 6.2799647], [-73.7341271, 6.2800845], [-73.7347646, 6.2787917], [-73.7379127, 6.2770127], [-73.739144, 6.2752939], [-73.7399584, 6.273817], [-73.7406954, 6.273481], [-73.7415264, 6.2727374], [-73.741997, 6.2720338], [-73.7420937, 6.271168], [-73.7414297, 6.2696756], [-73.7412843, 6.2691961], [-73.7413152, 6.268468], [-73.7413337, 6.2674467], [-73.7413332, 6.2663911], [-73.7413258, 6.2660806], [-73.7419216, 6.2658524], [-73.7425836, 6.2654622], [-73.7427602, 6.2650449], [-73.742037, 6.2646054], [-73.7420619, 6.264175], [-73.7420709, 6.2634593], [-73.7417146, 6.2630481], [-73.7421069, 6.2626291], [-73.7419373, 6.2620804], [-73.7415124, 6.2618443], [-73.7408566, 6.2622982], [-73.7408014, 6.2619492], [-73.7408675, 6.261326], [-73.7405582, 6.261191], [-73.7401858, 6.2612957], [-73.7399268, 6.2620245], [-73.7377279, 6.2616438], [-73.7364187, 6.2615343], [-73.7359111, 6.2620312], [-73.7356379, 6.2621174], [-73.7356589, 6.2613959], [-73.7352035, 6.2603637], [-73.7346076, 6.2596661], [-73.7340042, 6.2600006], [-73.7328798, 6.2593102], [-73.7328229, 6.2588656], [-73.7333621, 6.2581635], [-73.733086, 6.2574363], [-73.7314822, 6.2569836], [-73.7313714, 6.2564367], [-73.7318701, 6.2558276], [-73.732247, 6.2553522], [-73.7320413, 6.2547861], [-73.7307697, 6.2548483], [-73.7307605, 6.2544758], [-73.7313807, 6.2524991], [-73.7311799, 6.2510722], [-73.7313652, 6.2507843], [-73.7324828, 6.2507442], [-73.7328358, 6.2501988], [-73.7326077, 6.249553], [-73.731404, 6.2493798], [-73.7307954, 6.248997], [-73.7309537, 6.2483643], [-73.7317421, 6.2463162], [-73.7306105, 6.2443518], [-73.7298512, 6.2427174], [-73.7300188, 6.2407543], [-73.7296313, 6.2402509], [-73.7260176, 6.2398467], [-73.7256005, 6.2395043], [-73.7255619, 6.2391195], [-73.7260687, 6.2379855], [-73.7264385, 6.2375587], [-73.7267557, 6.2370841], [-73.726777, 6.2364625], [-73.7273736, 6.2358913], [-73.7276389, 6.235393], [-73.727306, 6.2341531], [-73.7276892, 6.2334251], [-73.7287236, 6.2329621], [-73.728876, 6.2321992], [-73.7284096, 6.2310928], [-73.729324, 6.2307836], [-73.7294895, 6.2291651], [-73.7297726, 6.2292142], [-73.7305595, 6.2290964], [-73.7313747, 6.2284308], [-73.7318779, 6.227534], [-73.7322216, 6.2268662], [-73.7321669, 6.2258526], [-73.7320771, 6.2256262], [-73.7316572, 6.2258167], [-73.7316381, 6.2257209], [-73.7316241, 6.2256275], [-73.7316169, 6.2255372], [-73.7316186, 6.2254507], [-73.7316321, 6.2253689], [-73.7316592, 6.225293], [-73.7316975, 6.2252218], [-73.7317441, 6.2251548], [-73.7317968, 6.2250918], [-73.7318543, 6.2250331], [-73.7319156, 6.2249794], [-73.7319803, 6.2249318], [-73.7320486, 6.2248922], [-73.7321207, 6.2248629], [-73.7321986, 6.2248456], [-73.73228, 6.2248388], [-73.7323638, 6.2248394], [-73.7324493, 6.2248453], [-73.7323643, 6.2247404], [-73.7326257, 6.2247214], [-73.7329396, 6.2247451], [-73.7331053, 6.2247708], [-73.7332224, 6.2247214], [-73.7333226, 6.2247107], [-73.733451, 6.2247319], [-73.7335052, 6.2247079], [-73.7335594, 6.2246944], [-73.7336305, 6.2246987], [-73.7337042, 6.2247045], [-73.7338567, 6.2246798], [-73.7339733, 6.2247894], [-73.7340061, 6.2248509], [-73.73417, 6.2250417], [-73.7344138, 6.2248352], [-73.7346602, 6.2244721], [-73.7351804, 6.2243081], [-73.7353476, 6.2239228], [-73.7352732, 6.223752], [-73.735328, 6.2232304], [-73.735442, 6.2227155], [-73.7355461, 6.2224001], [-73.7356006, 6.2222705], [-73.7356269, 6.2221883], [-73.7356469, 6.2221117], [-73.7356614, 6.2220708], [-73.7357211, 6.2220627], [-73.7357541, 6.2220451], [-73.7358426, 6.2219903], [-73.7359004, 6.2219535], [-73.7359835, 6.2219102], [-73.7361584, 6.2218176], [-73.7368471, 6.2216811], [-73.7371208, 6.2213881], [-73.7373035, 6.2206198], [-73.7375504, 6.2202814], [-73.7376125, 6.2201954], [-73.7376707, 6.2201248], [-73.7377147, 6.2200662], [-73.7377638, 6.2200066], [-73.7378244, 6.2199146], [-73.7379034, 6.21982], [-73.7379809, 6.2197157], [-73.7380673, 6.2196198], [-73.738139, 6.2195302], [-73.7382047, 6.2194403], [-73.7382737, 6.2193469], [-73.7383718, 6.2192334], [-73.7384545, 6.2191341], [-73.7385018, 6.2190095], [-73.7385659, 6.218929], [-73.7386138, 6.2188412], [-73.738655, 6.2187508], [-73.7386953, 6.2186514], [-73.7388041, 6.2184774], [-73.7388727, 6.2183495], [-73.7389149, 6.2181964], [-73.7389553, 6.2180314], [-73.7389903, 6.2179164], [-73.7390187, 6.2177838], [-73.7390437, 6.2176837], [-73.73901, 6.2175398], [-73.7389716, 6.2174434], [-73.7389438, 6.2173516], [-73.7389344, 6.217284], [-73.7388845, 6.2171358], [-73.7388461, 6.2169765], [-73.7388924, 6.2168343], [-73.7389509, 6.2166886], [-73.7390219, 6.216562], [-73.7390787, 6.2164024], [-73.7391407, 6.2162193], [-73.7391989, 6.2160796], [-73.739286, 6.2158823], [-73.7393384, 6.2157718], [-73.7393998, 6.2156471], [-73.7394609, 6.2155357], [-73.7395071, 6.2153993], [-73.7395514, 6.2152685], [-73.7395719, 6.2151654], [-73.7396093, 6.2150554], [-73.7396427, 6.2149399], [-73.73968, 6.2148218], [-73.7396963, 6.2147231], [-73.7397142, 6.2146068], [-73.7397564, 6.2144682], [-73.7397965, 6.2143393], [-73.7398302, 6.214203], [-73.7398559, 6.2140582], [-73.7399105, 6.2139586], [-73.7399663, 6.2138243], [-73.7400133, 6.2137066], [-73.740031, 6.2136272], [-73.7400795, 6.2135334], [-73.7401175, 6.2134578], [-73.7401361, 6.2133636], [-73.7401863, 6.213271], [-73.7402337, 6.2131706], [-73.7403189, 6.2130299], [-73.7403761, 6.2129119], [-73.7403772, 6.2128057], [-73.7403803, 6.212695], [-73.7403854, 6.2125623], [-73.7403791, 6.2123043], [-73.7405468, 6.2117623], [-73.7410583, 6.210684], [-73.7425335, 6.2102402], [-73.7433684, 6.2091532], [-73.744085, 6.2084772], [-73.7450785, 6.2087055], [-73.7463114, 6.2089376], [-73.7469403, 6.209188], [-73.7476392, 6.2094143], [-73.7478552, 6.2094842], [-73.7503376, 6.2092032], [-73.7535873, 6.2069014], [-73.755686, 6.2051412], [-73.7581909, 6.2029748], [-73.7613051, 6.1987097], [-73.7651182, 6.1968348], [-73.765644, 6.1950321], [-73.7664856, 6.1944484], [-73.7684589, 6.1945631], [-73.7684353, 6.1942794], [-73.7686134, 6.193362], [-73.7686091, 6.1930878], [-73.7687442, 6.192854], [-73.7694176, 6.1923587], [-73.7695711, 6.1918318], [-73.7694134, 6.1908908], [-73.7685296, 6.1893064], [-73.7685437, 6.1889754], [-73.7691887, 6.188319], [-73.769959, 6.1869445], [-73.7702423, 6.1862678], [-73.7705255, 6.1855346], [-73.7706766, 6.185179], [-73.7707736, 6.1848692], [-73.7710198, 6.1843518], [-73.7712819, 6.1837019], [-73.7712724, 6.1833306], [-73.7706172, 6.1829436], [-73.7701046, 6.1824086], [-73.769515, 6.1800802], [-73.7685599, 6.1790338], [-73.7683796, 6.1778335], [-73.7693226, 6.1763005], [-73.7692304, 6.1760524], [-73.7686233, 6.1757198], [-73.7681787, 6.1753791], [-73.7677778, 6.1752268], [-73.7674155, 6.17522], [-73.7668594, 6.1753522], [-73.7662168, 6.1750667], [-73.7654687, 6.1737618], [-73.7651204, 6.1737373], [-73.7638315, 6.1742107], [-73.7635099, 6.1740092], [-73.7625774, 6.1723508], [-73.7623367, 6.1720913], [-73.761333, 6.1721392], [-73.7610702, 6.1720432], [-73.760822, 6.1717029], [-73.7602866, 6.1712148], [-73.7598207, 6.1709788], [-73.7582338, 6.1707349], [-73.758144, 6.1705942], [-73.7579021, 6.1698023], [-73.7571653, 6.1693186], [-73.7570704, 6.1690876], [-73.7570513, 6.1685173], [-73.7548985, 6.1664613], [-73.7542962, 6.1651771], [-73.7542044, 6.1639061], [-73.7536104, 6.1636178], [-73.7534356, 6.1632499], [-73.7534208, 6.1617649], [-73.7530561, 6.1613671], [-73.7528499, 6.1609281], [-73.7527704, 6.1604857], [-73.7526645, 6.1602142], [-73.7521055, 6.1598753], [-73.7519545, 6.1590115], [-73.7519269, 6.1586396], [-73.7513959, 6.1581099], [-73.7512195, 6.1578096], [-73.7512342, 6.1566665], [-73.7510598, 6.1564162], [-73.7507737, 6.155449], [-73.7505356, 6.1551975], [-73.749762, 6.1554203], [-73.7490637, 6.1551797], [-73.7481363, 6.154699], [-73.7473949, 6.1547967], [-73.7466611, 6.1550946], [-73.7463962, 6.1550829], [-73.7462347, 6.1546129], [-73.746058, 6.1544113], [-73.7456638, 6.1540273], [-73.7450371, 6.1540029], [-73.7446211, 6.1541259], [-73.7438833, 6.1537369], [-73.7435878, 6.154143], [-73.7427346, 6.1540686], [-73.7418278, 6.154357], [-73.7404596, 6.1544427], [-73.7394777, 6.1549657], [-73.7393143, 6.1548935], [-73.739212, 6.1545323], [-73.7388786, 6.1540591], [-73.7387026, 6.1540496], [-73.7383099, 6.1542767], [-73.7371372, 6.1545098], [-73.7368672, 6.1544643], [-73.7361977, 6.1535359], [-73.7359285, 6.1534112], [-73.7355359, 6.1533163], [-73.7350885, 6.1532659], [-73.734561, 6.152987], [-73.7341765, 6.1522799], [-73.7339713, 6.1520399], [-73.7334936, 6.1516265], [-73.7330709, 6.1500442], [-73.7326496, 6.1498183], [-73.7320688, 6.1497796], [-73.7318361, 6.1496773], [-73.7313484, 6.1488872], [-73.7309643, 6.148414], [-73.7304562, 6.1480148], [-73.7301069, 6.147566], [-73.7289424, 6.14668], [-73.7287675, 6.1461217], [-73.7290348, 6.1457106], [-73.7290835, 6.1449202], [-73.7293507, 6.1445611], [-73.7295225, 6.1436161], [-73.7291677, 6.1430205], [-73.7291056, 6.1417581], [-73.7299927, 6.1403728], [-73.7298733, 6.1397757], [-73.7292736, 6.1390962], [-73.7292563, 6.1386603], [-73.7300136, 6.1375008], [-73.7301494, 6.1365975], [-73.7302113, 6.1357163], [-73.7302334, 6.1346159], [-73.7304293, 6.1340263], [-73.7305226, 6.1331658], [-73.7305416, 6.1328247], [-73.7308636, 6.1320359], [-73.7313234, 6.1295792], [-73.7323408, 6.1282522], [-73.7325633, 6.1278067], [-73.7331147, 6.1263811], [-73.7323516, 6.1243434], [-73.7326906, 6.1239156], [-73.7333158, 6.1231172], [-73.7334723, 6.1223581], [-73.733681, 6.1220718], [-73.7343532, 6.1215578], [-73.7344201, 6.1207489], [-73.7345377, 6.1205731], [-73.7348967, 6.1202709], [-73.73556, 6.1199783], [-73.7362732, 6.1194356], [-73.7371358, 6.1188537], [-73.737891, 6.1179518], [-73.7390604, 6.1174324], [-73.7393902, 6.117272], [-73.7395238, 6.1171941], [-73.7401329, 6.1163966], [-73.7404502, 6.11567], [-73.7404465, 6.1150645], [-73.7407222, 6.1146259], [-73.7410985, 6.1145613], [-73.7416534, 6.1142926], [-73.741934, 6.1137014], [-73.7420165, 6.1134034], [-73.7420742, 6.1132309], [-73.7422944, 6.1127838], [-73.7428862, 6.1123144], [-73.7435965, 6.1112742], [-73.7440701, 6.1107577], [-73.7445323, 6.1103051], [-73.7448827, 6.1100067], [-73.7451892, 6.1098544], [-73.7453963, 6.1096443], [-73.7456424, 6.1094853], [-73.7458156, 6.1093012], [-73.7462787, 6.108884], [-73.7468441, 6.1086296], [-73.7482634, 6.1084912], [-73.7489769, 6.1081196], [-73.7491648, 6.1079181], [-73.7493102, 6.1073244], [-73.7488397, 6.1058092], [-73.7486491, 6.1040309], [-73.7482893, 6.102789], [-73.7477469, 6.1020731], [-73.7477302, 6.1008127], [-73.7479353, 6.1003766], [-73.7482798, 6.1000472], [-73.7483896, 6.0996552], [-73.7484096, 6.0992431], [-73.7486764, 6.0987137], [-73.7485945, 6.098211], [-73.7486843, 6.0978362], [-73.748854, 6.097816], [-73.7488842, 6.0976144], [-73.7484424, 6.0971355], [-73.7484039, 6.0967946], [-73.7486979, 6.0962938], [-73.7493425, 6.0951584], [-73.7493112, 6.0931803], [-73.7500599, 6.0918712], [-73.7503473, 6.0906901], [-73.7497764, 6.0896743], [-73.748873, 6.088904], [-73.7476128, 6.0884392], [-73.7462907, 6.0884682], [-73.7460737, 6.0883692], [-73.7447577, 6.0869282], [-73.7442561, 6.0866709], [-73.7435436, 6.0859904], [-73.7434323, 6.0855467], [-73.7434555, 6.085375], [-73.7435664, 6.0852429], [-73.7437278, 6.0851488], [-73.7440823, 6.0851553], [-73.7444548, 6.0852332], [-73.7447447, 6.0849575], [-73.7447576, 6.0848432], [-73.7445967, 6.084689], [-73.7440332, 6.0844663], [-73.7439786, 6.0843898], [-73.7440548, 6.0841782], [-73.7446016, 6.0840791], [-73.7451051, 6.0836121], [-73.7450995, 6.082868], [-73.7453126, 6.0826859], [-73.7456733, 6.0825766], [-73.7459018, 6.0822323], [-73.7458911, 6.0817523], [-73.7455259, 6.0806537], [-73.7456215, 6.0800533], [-73.7453797, 6.0795769], [-73.7448349, 6.0793032], [-73.7445591, 6.0792661], [-73.7442015, 6.0791245], [-73.7438424, 6.0788431], [-73.7437026, 6.0786056], [-73.743683, 6.0783892], [-73.7438034, 6.0778059], [-73.7437846, 6.0776405], [-73.74363, 6.0775554], [-73.743337, 6.0774637], [-73.7426896, 6.0771127], [-73.7424354, 6.0768718], [-73.7422983, 6.0765569], [-73.7422578, 6.0757464], [-73.7421289, 6.0754246], [-73.7418859, 6.0751745], [-73.7415763, 6.0750041], [-73.7411, 6.0748156], [-73.7409699, 6.0744183], [-73.7409826, 6.0737772], [-73.740942, 6.0735443], [-73.7407968, 6.0733071], [-73.7407473, 6.0730819], [-73.7407527, 6.0730126], [-73.7407652, 6.0729281], [-73.7407861, 6.0728586], [-73.7408116, 6.0727876], [-73.740834, 6.0727124], [-73.7408507, 6.0726296], [-73.7408656, 6.0725418], [-73.7408852, 6.0724482], [-73.7408953, 6.0723653], [-73.740886, 6.0722562], [-73.7408882, 6.0720933], [-73.7408595, 6.0717262], [-73.7408364, 6.0715643], [-73.7408365, 6.0714618], [-73.7408447, 6.0713603], [-73.7408675, 6.0712651], [-73.7408845, 6.0711554], [-73.7408866, 6.0710936], [-73.7408886, 6.071017], [-73.7408888, 6.0709361], [-73.740924, 6.0708558], [-73.7409608, 6.0707761], [-73.741152, 6.0703793], [-73.7411881, 6.0702993], [-73.7412222, 6.0702187], [-73.7412533, 6.0701373], [-73.7412804, 6.0700547], [-73.7413028, 6.0699694], [-73.7413211, 6.069883], [-73.7413364, 6.0697956], [-73.7413495, 6.0697076], [-73.7413716, 6.0695304], [-73.7414543, 6.0687268], [-73.741531, 6.0680111], [-73.7415471, 6.0678334], [-73.7415531, 6.0677453], [-73.7415566, 6.0676581], [-73.7415567, 6.0675722], [-73.7415517, 6.067488], [-73.7415398, 6.0674063], [-73.7415183, 6.0673281], [-73.7414854, 6.0672546], [-73.741443, 6.0671845], [-73.7413937, 6.0671169], [-73.7413395, 6.0670511], [-73.7412816, 6.0669866], [-73.7412213, 6.0669229], [-73.7410962, 6.0667972], [-73.7407747, 6.0664862], [-73.7406475, 6.0663611], [-73.7405245, 6.0662344], [-73.7404659, 6.0661698], [-73.7404105, 6.0661039], [-73.7403594, 6.0660362], [-73.7403145, 6.065966], [-73.7402778, 6.0658924], [-73.7402512, 6.0658142], [-73.7402329, 6.0657327], [-73.7402207, 6.0656486], [-73.7402128, 6.0655626], [-73.740208, 6.0654754], [-73.7402041, 6.0652987], [-73.7402066, 6.0644929], [-73.7402049, 6.0637767], [-73.7402089, 6.0635998], [-73.7402136, 6.0635124], [-73.7402214, 6.0634263], [-73.7402334, 6.063342], [-73.7402514, 6.0632601], [-73.7402777, 6.0631816], [-73.7403147, 6.0631065], [-73.7403602, 6.0630348], [-73.740412, 6.0629656], [-73.7404683, 6.0628982], [-73.7405278, 6.0628319], [-73.7405897, 6.0627664], [-73.740718, 6.0626364], [-73.7414054, 6.0619615], [-73.7417494, 6.0616207], [-73.7418269, 6.0615173], [-73.741854, 6.0613817], [-73.7419083, 6.0612733], [-73.7419083, 6.0609209], [-73.7418811, 6.0608125], [-73.7418811, 6.060704], [-73.741854, 6.0605956], [-73.741854, 6.0605756], [-73.7418366, 6.0605048], [-73.7418106, 6.0604309], [-73.7417728, 6.0603555], [-73.7417269, 6.0602837], [-73.7416752, 6.0602145], [-73.7416193, 6.0601472], [-73.7415606, 6.0600812], [-73.7415, 6.0600162], [-73.7413752, 6.0598881], [-73.7412482, 6.0597613], [-73.7402893, 6.0588174], [-73.7400998, 6.058628], [-73.739978, 6.0584999], [-73.73992, 6.0584347], [-73.7398652, 6.0583681], [-73.7398147, 6.0582997], [-73.7397704, 6.0582288], [-73.7397345, 6.0581545], [-73.7397098, 6.0580798], [-73.7396927, 6.0580019], [-73.7396812, 6.0579217], [-73.7396737, 6.0578398], [-73.7396687, 6.0577569], [-73.7396551, 6.0574218], [-73.7396486, 6.0573389], [-73.7396388, 6.0572571], [-73.7396242, 6.0571769], [-73.739603, 6.0570989], [-73.7395734, 6.0570224], [-73.739537, 6.0569481], [-73.7394955, 6.0568756], [-73.7394503, 6.0568042], [-73.7394026, 6.0567337], [-73.739353, 6.0566639], [-73.7391489, 6.0563863], [-73.7390991, 6.0563165], [-73.7390509, 6.0562462], [-73.7390052, 6.056175], [-73.7389631, 6.0561026], [-73.7389259, 6.0560286], [-73.7388954, 6.0559523], [-73.7388729, 6.0558725], [-73.7388571, 6.0557904], [-73.7388465, 6.0557065], [-73.7388395, 6.0556215], [-73.7388351, 6.0555355], [-73.7388313, 6.055362], [-73.7388321, 6.0550998], [-73.738838, 6.0548374], [-73.7388463, 6.0546635], [-73.7388528, 6.0545772], [-73.7388616, 6.0544916], [-73.7388737, 6.0544069], [-73.7388899, 6.0543235], [-73.7389111, 6.0542407], [-73.7389841, 6.0539996], [-73.7390035, 6.053921], [-73.7390157, 6.0538433], [-73.7390173, 6.0537665], [-73.7390064, 6.0536951], [-73.7389854, 6.0536244], [-73.7389569, 6.0535542], [-73.7389229, 6.0534842], [-73.7388852, 6.0534143], [-73.738719, 6.0531316], [-73.7386786, 6.053059], [-73.7386405, 6.052985], [-73.738606, 6.0529091], [-73.7385752, 6.0528282], [-73.7385484, 6.052745], [-73.7385248, 6.0526599], [-73.7385033, 6.0525731], [-73.7384835, 6.0524847], [-73.7384469, 6.0523034], [-73.7383953, 6.052021], [-73.7382898, 6.0514123], [-73.737556, 6.0497451], [-73.7372807, 6.0484012], [-73.7370047, 6.0469227], [-73.7363242, 6.0451772], [-73.7361943, 6.0433217], [-73.7359136, 6.0415886], [-73.7353973, 6.0385675], [-73.7338322, 6.0364824], [-73.7333043, 6.0365451], [-73.7329616, 6.0364549], [-73.73236, 6.0365868], [-73.7321023, 6.0364961], [-73.7318846, 6.0362224], [-73.7316433, 6.0359677], [-73.731398, 6.035773], [-73.7312468, 6.0353155], [-73.7310535, 6.0351421], [-73.730812, 6.0349959], [-73.7306188, 6.0348021], [-73.7304635, 6.0344329], [-73.7303226, 6.0339457], [-73.7300581, 6.0336734], [-73.7295226, 6.0337936], [-73.7292646, 6.0341111], [-73.7288393, 6.0342394], [-73.7286198, 6.034456], [-73.7283104, 6.0344707], [-73.7281001, 6.0343905], [-73.7278381, 6.0342134], [-73.7275233, 6.0340835], [-73.7271889, 6.0340008], [-73.7269112, 6.0339668], [-73.7266865, 6.0340756], [-73.7265627, 6.0343234], [-73.726672, 6.0345345], [-73.7265553, 6.0347913], [-73.7263406, 6.035142], [-73.7261521, 6.0352211], [-73.7258125, 6.0351529], [-73.7255186, 6.0349719], [-73.7251772, 6.0348167], [-73.7245829, 6.0348146], [-73.7242834, 6.0349344], [-73.7240317, 6.0348928], [-73.7237458, 6.0349866], [-73.7235519, 6.0351036], [-73.7232671, 6.0352058], [-73.7230038, 6.0353799], [-73.722683, 6.0355899], [-73.722409, 6.0359553], [-73.7220527, 6.036215], [-73.7216396, 6.0364993], [-73.7210971, 6.0367708], [-73.7209559, 6.0358029], [-73.7207881, 6.0345847], [-73.7203603, 6.0339166], [-73.719863, 6.0332756], [-73.719469, 6.032929], [-73.7191738, 6.0317727], [-73.7186261, 6.0311998], [-73.7178743, 6.0293573], [-73.7182156, 6.0294297], [-73.718827, 6.0290236], [-73.7191706, 6.0287275], [-73.7192864, 6.0279945], [-73.7205337, 6.0272823], [-73.7209131, 6.0273544], [-73.7210488, 6.0272391], [-73.7209736, 6.0268041], [-73.7216262, 6.0260744], [-73.7218616, 6.025905], [-73.7218758, 6.0256242], [-73.7219411, 6.025037], [-73.7224501, 6.0243162], [-73.7227024, 6.0241898], [-73.723023, 6.0234757], [-73.7232143, 6.022797], [-73.7231846, 6.0225085], [-73.7233427, 6.0221478], [-73.7236338, 6.0222771], [-73.723781, 6.0221749], [-73.7240467, 6.0217136], [-73.7240563, 6.0211024], [-73.7242069, 6.0206537], [-73.7241274, 6.0202252], [-73.7243273, 6.0201154], [-73.7244689, 6.0192038], [-73.7246969, 6.0189737], [-73.7247377, 6.0184485], [-73.7249723, 6.017906], [-73.7253111, 6.0178415], [-73.7254749, 6.0175018], [-73.7253853, 6.017289], [-73.7261133, 6.0167548], [-73.7264154, 6.0168154], [-73.7266755, 6.0162287], [-73.7273841, 6.0157015], [-73.7281038, 6.01536], [-73.7282517, 6.0151765], [-73.7283288, 6.014674], [-73.7283635, 6.0140941], [-73.7287449, 6.0138472], [-73.7290949, 6.0136433], [-73.7295855, 6.0133147], [-73.7305922, 6.0133947], [-73.7330697, 6.0133928], [-73.7333493, 6.0133165], [-73.7336229, 6.0132256], [-73.734248, 6.0129651], [-73.7343811, 6.0128899], [-73.7344931, 6.0128062], [-73.734568, 6.0127364], [-73.7347192, 6.0126861], [-73.7363005, 6.012394], [-73.7367298, 6.0122271], [-73.7368994, 6.0120432], [-73.7370179, 6.0119627], [-73.7371828, 6.0119038], [-73.7375851, 6.0118152], [-73.7377508, 6.0117451], [-73.7378981, 6.0116262], [-73.7381636, 6.0113208], [-73.7382885, 6.0112048], [-73.7384213, 6.0111244], [-73.7387959, 6.0109575], [-73.7388932, 6.0108888], [-73.7390125, 6.0107811], [-73.7391136, 6.0106704], [-73.7391845, 6.0105737], [-73.7393918, 6.0101273], [-73.739588, 6.0098486], [-73.7397319, 6.0096844], [-73.7398898, 6.0095303], [-73.7400618, 6.0093865], [-73.7402479, 6.0092527], [-73.7404374, 6.0090704], [-73.7405846, 6.0089024], [-73.7406868, 6.0087415], [-73.7407712, 6.0085545], [-73.7408314, 6.008369], [-73.7408827, 6.0081524], [-73.7410021, 6.0074185], [-73.741054, 6.0071599], [-73.7411222, 6.0069225], [-73.7412062, 6.0067215], [-73.7413117, 6.0065454], [-73.7414677, 6.0063563], [-73.7416764, 6.0061408], [-73.7419059, 6.0059382], [-73.7420897, 6.0055841], [-73.7421917, 6.0054313], [-73.7423003, 6.0052947], [-73.7424155, 6.0051742], [-73.7425375, 6.0050699], [-73.7426661, 6.0049817], [-73.7428014, 6.0049097], [-73.7429819, 6.0048418], [-73.7431048, 6.0048198], [-73.7432391, 6.0048267], [-73.7435832, 6.0048782], [-73.7437494, 6.0048695], [-73.7438144, 6.0048471], [-73.7438693, 6.0048125], [-73.7440625, 6.0045983], [-73.7441626, 6.004536], [-73.7442336, 6.0045215], [-73.7443185, 6.0045216], [-73.744701, 6.004591], [-73.7448566, 6.0045904], [-73.7449213, 6.0045698], [-73.7449741, 6.0045353], [-73.7451297, 6.0043456], [-73.7452005, 6.0042898], [-73.7453367, 6.0042624], [-73.7454947, 6.0042826], [-73.7456795, 6.0040887], [-73.7458922, 6.0039067], [-73.7461212, 6.0037423], [-73.7463443, 6.0036141], [-73.746547, 6.0035274], [-73.7467431, 6.0034731], [-73.7469358, 6.0034506], [-73.7471511, 6.0034547], [-73.7472238, 6.003249], [-73.7473197, 6.00306], [-73.7474384, 6.0028883], [-73.747581, 6.0027322], [-73.7476955, 6.0026324], [-73.7477822, 6.0025735], [-73.7481721, 6.0023975], [-73.7483254, 6.0023005], [-73.748497, 6.0021396], [-73.7488003, 6.0017797], [-73.7489338, 6.0016404], [-73.7490706, 6.0015306], [-73.7492955, 6.0013973], [-73.749527, 6.0012876], [-73.7497557, 6.0012072], [-73.7499971, 6.0011499], [-73.7502446, 6.0011182], [-73.7504975, 6.0011121], [-73.7507564, 6.0011315], [-73.7509084, 6.0011668], [-73.750837, 6.0011126], [-73.750762, 6.0010205], [-73.750734, 6.0009369], [-73.7507485, 6.0007502], [-73.7507336, 6.0006764], [-73.7506783, 6.0006054], [-73.7504845, 6.0004449], [-73.7504469, 6.0003829], [-73.7504232, 6.000306], [-73.7504167, 6.0001435], [-73.7504417, 5.999963], [-73.7503667, 5.9998556], [-73.7497337, 5.9990802], [-73.7491006, 5.9985161], [-73.7480452, 5.9980222], [-73.74706, 5.9976693], [-73.7457933, 5.9974571], [-73.7441746, 5.9972448], [-73.7426967, 5.9971029], [-73.7412891, 5.9970316], [-73.739952, 5.9968899], [-73.738263, 5.996607], [-73.7370667, 5.9961834], [-73.7367603, 5.9959879], [-73.7365684, 5.9960187], [-73.7364787, 5.9960146], [-73.7364044, 5.9959936], [-73.7362846, 5.9959229], [-73.7361731, 5.9958288], [-73.7360712, 5.9957123], [-73.7359787, 5.9955732], [-73.7336619, 5.9950917], [-73.7307057, 5.9951061], [-73.7294939, 5.9943258], [-73.7296518, 5.9941848], [-73.7297852, 5.9940294], [-73.7298538, 5.9939106], [-73.7299682, 5.9936397], [-73.730026, 5.9935285], [-73.7301471, 5.9933637], [-73.7302925, 5.9932024], [-73.7304493, 5.9930588], [-73.7306133, 5.9929353], [-73.7307286, 5.9928759], [-73.7310593, 5.9927421], [-73.7311284, 5.9926955], [-73.731161, 5.992647], [-73.7311629, 5.992611], [-73.7311481, 5.9925719], [-73.7310671, 5.9924822], [-73.7305968, 5.9921609], [-73.7304391, 5.9920314], [-73.7303519, 5.9919209], [-73.7303206, 5.9918156], [-73.7301875, 5.9917154], [-73.7299977, 5.9916096], [-73.729847, 5.9914129], [-73.7297757, 5.9912144], [-73.729703, 5.9909948], [-73.7295395, 5.9907605], [-73.7293874, 5.9907326], [-73.7291343, 5.9907615], [-73.728954, 5.990804], [-73.728777, 5.9908684], [-73.7286056, 5.9910008], [-73.728531, 5.9911497], [-73.7283976, 5.9912937], [-73.7282268, 5.9914222], [-73.7280536, 5.991521], [-73.7278584, 5.9915452], [-73.7277046, 5.9915288], [-73.7277303, 5.9913195], [-73.7278481, 5.9910166], [-73.7277622, 5.9907814], [-73.7275715, 5.9904414], [-73.7275456, 5.9903002], [-73.7274676, 5.9900976], [-73.7272865, 5.9900302], [-73.7271172, 5.9900574], [-73.7269666, 5.990002], [-73.7267595, 5.9899494], [-73.7264746, 5.9899637], [-73.7262916, 5.9899499], [-73.7261556, 5.9899937], [-73.7260283, 5.9900213], [-73.7258781, 5.9899873], [-73.7256659, 5.9900191], [-73.7254597, 5.9899585], [-73.7253002, 5.9899312], [-73.7251085, 5.9898844], [-73.7248912, 5.9898348], [-73.7247044, 5.9897889], [-73.7244709, 5.9897325], [-73.7241665, 5.9896898], [-73.7239632, 5.9896541], [-73.7237534, 5.9897118], [-73.7235102, 5.9898399], [-73.7231992, 5.9899587], [-73.7230242, 5.9901907], [-73.7228458, 5.9903386], [-73.7226524, 5.990361], [-73.7223591, 5.9904263], [-73.7220638, 5.9903037], [-73.7218251, 5.9900859], [-73.7216852, 5.9898675], [-73.7214722, 5.9896132], [-73.7212359, 5.9894975], [-73.721043, 5.9895063], [-73.7208302, 5.9896166], [-73.7205547, 5.9896048], [-73.7203745, 5.9896013], [-73.7202216, 5.989599], [-73.720001, 5.9894937], [-73.7198847, 5.9894189], [-73.7198027, 5.9893106], [-73.7196746, 5.9892594], [-73.7195381, 5.9891108], [-73.719308, 5.9891274], [-73.7191024, 5.9891501], [-73.7189478, 5.9890403], [-73.7187822, 5.9889412], [-73.7185905, 5.9888593], [-73.7183993, 5.9887379], [-73.7182125, 5.9886128], [-73.7180434, 5.9884706], [-73.717888, 5.9882888], [-73.7177615, 5.9880993], [-73.7176155, 5.9879275], [-73.7174958, 5.9876958], [-73.7173261, 5.9874459], [-73.7172924, 5.9872562], [-73.7172269, 5.9870137], [-73.7171659, 5.9867063], [-73.7171639, 5.9864087], [-73.7171918, 5.9860366], [-73.7172375, 5.985815], [-73.7173376, 5.9854764], [-73.7174411, 5.9852105], [-73.717557, 5.9849491], [-73.71766, 5.9846329], [-73.7176946, 5.9844951], [-73.717733, 5.9842444], [-73.7177515, 5.9841005], [-73.7175137, 5.9838723], [-73.7175885, 5.9835382], [-73.7177835, 5.983274], [-73.7179748, 5.9829792], [-73.7182075, 5.9827658], [-73.718403, 5.9826373], [-73.7184781, 5.9825657], [-73.7186234, 5.9821445], [-73.7186397, 5.9819933], [-73.7186641, 5.9818146], [-73.7186629, 5.9815796], [-73.7182576, 5.9815496], [-73.7180534, 5.9814947], [-73.7176401, 5.9813913], [-73.7172888, 5.9810823], [-73.7169335, 5.9809149], [-73.7164927, 5.9807534], [-73.7161711, 5.9804778], [-73.7150939, 5.9800296], [-73.7143162, 5.9793635], [-73.7137226, 5.9790557], [-73.7124848, 5.9788853], [-73.7120253, 5.9787488], [-73.7103829, 5.9787206], [-73.7094843, 5.9789085], [-73.7085527, 5.9797821], [-73.707834, 5.9798702], [-73.7073155, 5.9795955], [-73.7071031, 5.9788634], [-73.7067064, 5.9781603], [-73.7063435, 5.97805], [-73.7058539, 5.9780222], [-73.7055475, 5.9778908], [-73.7051916, 5.9774078], [-73.7051311, 5.9768359], [-73.7050534, 5.9768351], [-73.7047223, 5.9766478], [-73.704511, 5.9764026], [-73.7044588, 5.9760765], [-73.7044993, 5.9757179], [-73.7048366, 5.9748129], [-73.7048877, 5.9741877], [-73.704571, 5.9739402], [-73.7038941, 5.9744045], [-73.7031723, 5.9759173], [-73.7029653, 5.9766036], [-73.7026964, 5.97688], [-73.7025068, 5.9768749], [-73.7021275, 5.9766483], [-73.7009386, 5.9766906], [-73.6995315, 5.977115], [-73.6982744, 5.9773708], [-73.6958599, 5.9773594], [-73.6950165, 5.9772821], [-73.6928127, 5.9776368], [-73.6919617, 5.9774791], [-73.6916139, 5.9772534], [-73.6907552, 5.9768277], [-73.6903369, 5.9764161], [-73.6900532, 5.9758675], [-73.6899095, 5.9757836], [-73.6879789, 5.9750716], [-73.6879085, 5.9748651], [-73.6876474, 5.9730867], [-73.687468, 5.9727635], [-73.6873372, 5.972539], [-73.6871967, 5.9723165], [-73.687083, 5.9721054], [-73.686847, 5.9715557], [-73.6868913, 5.9710636], [-73.6868123, 5.9707309], [-73.6867169, 5.9704556], [-73.6866214, 5.9701557], [-73.6865216, 5.9699057], [-73.6864405, 5.9696881], [-73.6864376, 5.9694379], [-73.6864422, 5.9692349], [-73.6866853, 5.9690078], [-73.6867845, 5.9689471], [-73.6868187, 5.968848], [-73.6868394, 5.9687323], [-73.6868748, 5.9686384], [-73.6869187, 5.9685598], [-73.6869583, 5.9684354], [-73.6870013, 5.9682974], [-73.6871209, 5.9681589], [-73.6871446, 5.9680638], [-73.6871417, 5.9679369], [-73.6871395, 5.9678319], [-73.6871377, 5.9676989], [-73.6869837, 5.9674336], [-73.6866218, 5.9668492], [-73.6865045, 5.9666215], [-73.6863361, 5.966251], [-73.6862091, 5.965938], [-73.6861293, 5.9657705], [-73.6860591, 5.9656704], [-73.6860018, 5.9655937], [-73.6859733, 5.9654953], [-73.685913, 5.9653808], [-73.6857853, 5.9653146], [-73.6856656, 5.965223], [-73.685531, 5.9651866], [-73.685443, 5.965094], [-73.6852915, 5.9650438], [-73.6852314, 5.9649428], [-73.6851537, 5.9648211], [-73.6850598, 5.9647303], [-73.6849671, 5.9646193], [-73.6849034, 5.9645329], [-73.684795, 5.9644115], [-73.6846623, 5.9642864], [-73.6843991, 5.9641131], [-73.6842489, 5.9640541], [-73.683993, 5.9639197], [-73.6838559, 5.9637021], [-73.6837948, 5.9635592], [-73.683749, 5.9634067], [-73.6837187, 5.9632446], [-73.6837038, 5.9630731], [-73.6835547, 5.9629069], [-73.6833922, 5.9627706], [-73.6832697, 5.9627023], [-73.6829328, 5.9625533], [-73.6826953, 5.9623932], [-73.6824566, 5.9621931], [-73.682253, 5.9619797], [-73.6821198, 5.961804], [-73.6820225, 5.9616383], [-73.6819706, 5.9614882], [-73.6818985, 5.9611582], [-73.6818585, 5.9610227], [-73.6818024, 5.960904], [-73.6816999, 5.960761], [-73.6816025, 5.9606502], [-73.6815127, 5.9605903], [-73.6814417, 5.9605768], [-73.6812419, 5.9605895], [-73.68119, 5.9605697], [-73.6811451, 5.9605301], [-73.6810842, 5.9604175], [-73.68098, 5.9600955], [-73.6808953, 5.9599595], [-73.6807202, 5.9597704], [-73.6802632, 5.9593686], [-73.6801622, 5.959258], [-73.6800811, 5.9591469], [-73.6799527, 5.9589089], [-73.6797049, 5.9583283], [-73.6795552, 5.9580795], [-73.6793891, 5.9578965], [-73.6789968, 5.9575561], [-73.678842, 5.9574006], [-73.6787107, 5.9572175], [-73.6785172, 5.9568048], [-73.6784082, 5.9566352], [-73.678243, 5.956462], [-73.6778113, 5.9560916], [-73.6777144, 5.955988], [-73.6776384, 5.9558858], [-73.6774508, 5.9555622], [-73.6773918, 5.9554243], [-73.6773553, 5.9553015], [-73.6773507, 5.9551307], [-73.6774081, 5.9547253], [-73.6774054, 5.9546341], [-73.677388, 5.9545571], [-73.6773268, 5.9544547], [-73.6771304, 5.9542772], [-73.6770583, 5.954184], [-73.6769688, 5.9540091], [-73.6769152, 5.9538193], [-73.6768975, 5.953601], [-73.6769205, 5.9533659], [-73.676984, 5.953114], [-73.6765366, 5.9522923], [-73.6763462, 5.9521574], [-73.6761856, 5.9520103], [-73.676052, 5.9518467], [-73.6759607, 5.9516861], [-73.6759332, 5.9515641], [-73.6759333, 5.9514167], [-73.6759567, 5.9512539], [-73.6760526, 5.9507888], [-73.6760641, 5.9506533], [-73.676057, 5.950539], [-73.6760256, 5.9504278], [-73.6759674, 5.9503323], [-73.6758516, 5.9502015], [-73.6757104, 5.9500813], [-73.6751589, 5.9495283], [-73.6749093, 5.9493823], [-73.6746521, 5.949268], [-73.6743875, 5.9491856], [-73.6741153, 5.9491349], [-73.6737897, 5.9491944], [-73.6735878, 5.9493444], [-73.6732931, 5.9495195], [-73.6729776, 5.9495961], [-73.6726055, 5.9496974], [-73.672412, 5.9496429], [-73.6722492, 5.9496028], [-73.6720918, 5.9495558], [-73.6720146, 5.9494964], [-73.6718735, 5.9493677], [-73.6717954, 5.949286], [-73.6715903, 5.94912], [-73.6714262, 5.9489554], [-73.6712389, 5.948732], [-73.6709554, 5.9484963], [-73.6707508, 5.9481], [-73.6704913, 5.9477042], [-73.6703744, 5.9474277], [-73.6703462, 5.9473312], [-73.6703292, 5.9472341], [-73.6703147, 5.94716], [-73.6702624, 5.9469672], [-73.6701526, 5.9467013], [-73.6700758, 5.9459706], [-73.669741, 5.9453841], [-73.6695889, 5.9451422], [-73.669392, 5.9447985], [-73.6692836, 5.9446519], [-73.6692139, 5.9445412], [-73.669138, 5.9444393], [-73.6690354, 5.9442844], [-73.6689659, 5.9441087], [-73.6689256, 5.9440006], [-73.6688866, 5.9438679], [-73.668779, 5.9437093], [-73.6686604, 5.9434983], [-73.6682982, 5.9429187], [-73.6682462, 5.9426948], [-73.6681544, 5.942514], [-73.6681311, 5.9424174], [-73.6680761, 5.9422395], [-73.6680892, 5.9420906], [-73.6681148, 5.9419905], [-73.6681025, 5.9418908], [-73.6681533, 5.9417016], [-73.6679001, 5.9414197], [-73.6677642, 5.9409071], [-73.6678891, 5.9399943], [-73.6683974, 5.9397856], [-73.6688964, 5.9385725], [-73.6692563, 5.9371297], [-73.6693764, 5.9360898], [-73.6696082, 5.9352204], [-73.6698238, 5.9346937], [-73.6698911, 5.9339498], [-73.6701612, 5.9334573], [-73.6696831, 5.9331405], [-73.6692404, 5.932938], [-73.6694476, 5.932653], [-73.6701662, 5.9327832], [-73.6702671, 5.9324916], [-73.6698613, 5.9318153], [-73.6692261, 5.9313764], [-73.6683596, 5.9304416], [-73.6680886, 5.929647], [-73.6673747, 5.9296516], [-73.666834, 5.929151], [-73.6630953, 5.9273953], [-73.6634699, 5.9290361], [-73.6633358, 5.9303555], [-73.6632689, 5.9322494], [-73.6625526, 5.9331771], [-73.6621385, 5.9346397], [-73.6611807, 5.9367439], [-73.6593816, 5.9383282], [-73.6583538, 5.9413847], [-73.6574678, 5.9420747], [-73.6568343, 5.9437073], [-73.6539964, 5.9495827], [-73.652309, 5.9509258], [-73.6524407, 5.9530411], [-73.6507836, 5.955699], [-73.6499092, 5.9587649], [-73.6494632, 5.9596606], [-73.6488912, 5.9602977], [-73.648716, 5.9616983], [-73.6481647, 5.9626198], [-73.6480507, 5.9640693], [-73.6460832, 5.9684161], [-73.6435405, 5.9724621], [-73.6397759, 5.9768191], [-73.6374645, 5.9786023], [-73.6364307, 5.9794628], [-73.635578, 5.9798946], [-73.6347878, 5.9806317], [-73.6340584, 5.9813074], [-73.63339, 5.9819828], [-73.6327827, 5.982658], [-73.6319922, 5.983334], [-73.6307776, 5.9846843], [-73.6300484, 5.9854211], [-73.6294416, 5.9862185], [-73.628773, 5.9868328], [-73.6279819, 5.9873865], [-73.6270673, 5.9876353], [-73.6262152, 5.9881893], [-73.6253032, 5.9889881], [-73.6244511, 5.9895421], [-73.6237214, 5.9901567], [-73.6213474, 5.9916346], [-73.6204941, 5.9919442], [-73.6195804, 5.9923763], [-73.6173903, 5.9940367], [-73.617028, 5.994894], [-73.6170322, 5.9958108], [-73.6172196, 5.9967267], [-73.617894, 5.9973348], [-73.6186898, 5.9978201], [-73.6191949, 6.0014238], [-73.6190161, 6.0023414], [-73.6188982, 6.0032588], [-73.6181083, 6.004057], [-73.6180111, 6.0041486], [-73.6176738, 6.0044664], [-73.6172259, 6.0047704], [-73.6170502, 6.0047786], [-73.6162028, 6.0048528], [-73.6157315, 6.0049153], [-73.6147531, 6.005097], [-73.614248, 6.0052197], [-73.6137315, 6.0053668], [-73.6132048, 6.0055402], [-73.6127213, 6.0057218], [-73.6122454, 6.0059228], [-73.6115115, 6.0062818], [-73.6109333, 6.0066121], [-73.6103262, 6.0070074], [-73.6097276, 6.0074453], [-73.6090674, 6.0079769], [-73.6073736, 6.0094632], [-73.6063949, 6.0102876], [-73.6059914, 6.0105981], [-73.6055433, 6.0109168], [-73.6051237, 6.0111882], [-73.6047249, 6.0114208], [-73.6043425, 6.0116207], [-73.6039465, 6.0118048], [-73.6031757, 6.0121023], [-73.6025341, 6.0123007], [-73.6008201, 6.0127718], [-73.6002061, 6.0129942], [-73.599923, 6.0131193], [-73.5995961, 6.0132858], [-73.5992487, 6.0134918], [-73.5988649, 6.0137578], [-73.5984129, 6.0141287], [-73.5980764, 6.0144496], [-73.5977584, 6.0147928], [-73.5974939, 6.0151116], [-73.5972255, 6.0154697], [-73.5969525, 6.0158712], [-73.5966587, 6.0163435], [-73.5957189, 6.0180002], [-73.5953652, 6.0185957], [-73.5950023, 6.0191526], [-73.5955483, 6.0194681], [-73.6044242, 6.0334649], [-73.6047989, 6.0336099], [-73.6050124, 6.0335841], [-73.6051413, 6.0332858], [-73.6052186, 6.032671], [-73.6060271, 6.0325734], [-73.6062552, 6.0325374], [-73.6068426, 6.0321864], [-73.6070334, 6.0322702], [-73.6076675, 6.032741], [-73.6079113, 6.0328768], [-73.6077201, 6.0333107], [-73.607843, 6.0335007], [-73.608087, 6.0333381], [-73.6083842, 6.0330863], [-73.6084228, 6.0328264], [-73.6083847, 6.0324172], [-73.6083614, 6.0320193], [-73.6084678, 6.0317029], [-73.6086282, 6.0315584], [-73.608873, 6.0318118], [-73.6090331, 6.0320662], [-73.609643, 6.0318226], [-73.6100395, 6.0316432], [-73.6104291, 6.0314639], [-73.6106201, 6.0313397], [-73.6108866, 6.0312292], [-73.611161, 6.0311672], [-73.611413, 6.0309414], [-73.6119393, 6.0307169], [-73.6126181, 6.0304202], [-73.6128622, 6.0302486], [-73.6134429, 6.0298162], [-73.6136868, 6.0296989], [-73.6140223, 6.0294833], [-73.6143737, 6.0292847], [-73.6148999, 6.0291235], [-73.6153573, 6.0289973], [-73.6157391, 6.0287546], [-73.6161743, 6.0281412], [-73.6164185, 6.0277978], [-73.6166626, 6.0274635], [-73.6169678, 6.027076], [-73.6171961, 6.0267914], [-73.617334, 6.0266254], [-73.6175397, 6.0263633], [-73.6178064, 6.026038], [-73.6182867, 6.025497], [-73.6189205, 6.0250997], [-73.6193403, 6.0248637], [-73.6199653, 6.0245964], [-73.6205526, 6.0242997], [-73.6207819, 6.0241789], [-73.6211637, 6.0239668], [-73.6213385, 6.024193], [-73.6216512, 6.0242667], [-73.6220023, 6.0242489], [-73.6222462, 6.0242039], [-73.6225829, 6.0239702], [-73.6228338, 6.0236946], [-73.6229254, 6.0235093], [-73.6230249, 6.0233116], [-73.6232386, 6.0229772], [-73.6234521, 6.0227966], [-73.623696, 6.0227256], [-73.6239173, 6.0227608], [-73.6241849, 6.0226808], [-73.6245588, 6.0225375], [-73.6249394, 6.0223932], [-73.6252375, 6.0223041], [-73.6254205, 6.0221686], [-73.6253823, 6.0219425], [-73.6252222, 6.0217333], [-73.6249401, 6.0215703], [-73.6247188, 6.0215792], [-73.6243755, 6.0215958], [-73.6242153, 6.021451], [-73.6240935, 6.0212882], [-73.6239333, 6.0211253], [-73.6237495, 6.020925], [-73.6238411, 6.0207262], [-73.6240399, 6.0205636], [-73.6242613, 6.0204835], [-73.6246429, 6.0205381], [-73.6248709, 6.0205937], [-73.6251079, 6.0206391], [-73.6254591, 6.0206575], [-73.6256567, 6.0206136], [-73.625878, 6.0205595], [-73.6262134, 6.0204253], [-73.6266721, 6.0200911], [-73.6270765, 6.0199027], [-73.6274197, 6.019886], [-73.627747, 6.0200671], [-73.6279229, 6.020265], [-73.6281825, 6.0204201], [-73.6287008, 6.0203505], [-73.6291287, 6.0202423], [-73.6296472, 6.0199455], [-73.6301431, 6.0196384], [-73.6305701, 6.0193686], [-73.6311654, 6.0190447], [-73.6313313, 6.0190673], [-73.6316531, 6.0190372], [-73.6319128, 6.0190329], [-73.632142, 6.0190286], [-73.6325925, 6.019012], [-73.6330351, 6.0189864], [-73.6334156, 6.0189505], [-73.6337138, 6.0187258], [-73.6338587, 6.0183552], [-73.6340722, 6.0181836], [-73.6343081, 6.018238], [-73.6344378, 6.018402], [-73.6344388, 6.018619], [-73.6343167, 6.0188088], [-73.6341561, 6.0190788], [-73.6342779, 6.0192609], [-73.634576, 6.0192973], [-73.6352465, 6.0193894], [-73.6359409, 6.0193911], [-73.6363835, 6.0193926], [-73.6364751, 6.0191757], [-73.6364145, 6.0187416], [-73.6362545, 6.0183334], [-73.6359489, 6.017863], [-73.6357504, 6.0175723], [-73.635964, 6.0173679], [-73.636201, 6.0174924], [-73.6367876, 6.0180275], [-73.6374219, 6.0183999], [-73.6376351, 6.0186262], [-73.6377263, 6.0189156], [-73.6377879, 6.0194774], [-73.6379398, 6.0201557], [-73.6384815, 6.0204466], [-73.6389304, 6.0209008], [-73.6385598, 6.0209384], [-73.6379749, 6.0215947], [-73.6382751, 6.0217708], [-73.6392666, 6.0215924], [-73.639821, 6.0215783], [-73.6404597, 6.0215852], [-73.6408911, 6.0215086], [-73.6412641, 6.0213721], [-73.6416532, 6.0211904], [-73.6421784, 6.0210589], [-73.6425367, 6.0210446], [-73.6428296, 6.0210973], [-73.6435095, 6.02134], [-73.643806, 6.0214243], [-73.6443055, 6.0215983], [-73.644766, 6.0217113], [-73.6452609, 6.0218194], [-73.6457874, 6.0221074], [-73.6457346, 6.0223794], [-73.6460166, 6.022486], [-73.6462504, 6.0226513], [-73.6465302, 6.023062], [-73.6471078, 6.0227146], [-73.6475108, 6.0229999], [-73.6477546, 6.0225737], [-73.6479117, 6.0226384], [-73.6481089, 6.0226727], [-73.6485068, 6.0225875], [-73.6490941, 6.0223449], [-73.6495598, 6.0223374], [-73.6498268, 6.0223828], [-73.650193, 6.022547], [-73.6505665, 6.0227891], [-73.6507572, 6.0229103], [-73.6512003, 6.0230654], [-73.6514899, 6.0230476], [-73.6519704, 6.0229033], [-73.6522301, 6.0229137], [-73.6524817, 6.0231128], [-73.6527565, 6.0232758], [-73.6529625, 6.0233132], [-73.6536564, 6.0231702], [-73.6539925, 6.0229535], [-73.6542747, 6.0230362], [-73.6544731, 6.0233709], [-73.6545113, 6.0236965], [-73.6542215, 6.0239766], [-73.6537178, 6.0240655], [-73.6536034, 6.0245717], [-73.653443, 6.0247163], [-73.6526876, 6.024814], [-73.6524666, 6.0251473], [-73.6522912, 6.0255722], [-73.6524892, 6.0258504], [-73.6528711, 6.0262067], [-73.6534048, 6.0266525], [-73.6537557, 6.0269421], [-73.6544957, 6.0270794], [-73.6546016, 6.0271249], [-73.6547324, 6.027226], [-73.6548721, 6.0273073], [-73.6550951, 6.0274632], [-73.6552463, 6.0275534], [-73.6553884, 6.0276372], [-73.6556195, 6.0276691], [-73.6558163, 6.0277056], [-73.6559231, 6.0277789], [-73.6560083, 6.027843], [-73.6561409, 6.0278897], [-73.656237, 6.0278985], [-73.6563568, 6.027866], [-73.6564807, 6.0278672], [-73.6565445, 6.0278907], [-73.6567954, 6.027817], [-73.656879, 6.0278211], [-73.656963, 6.0283286], [-73.6569231, 6.0285238], [-73.6567573, 6.0287844], [-73.6567768, 6.0289117], [-73.6567872, 6.0290173], [-73.656838, 6.0290838], [-73.6568736, 6.0291908], [-73.6569237, 6.0293117], [-73.656988, 6.0293901], [-73.6570393, 6.02943], [-73.6570928, 6.0295288], [-73.6572017, 6.0296172], [-73.6573265, 6.0295366], [-73.6575096, 6.0293921], [-73.6577231, 6.0292487], [-73.6579213, 6.0291675], [-73.6581578, 6.0291417], [-73.6585468, 6.0291239], [-73.6588065, 6.029115], [-73.6590808, 6.0291254], [-73.6593862, 6.0291438], [-73.6599739, 6.0292086], [-73.6602713, 6.0292462], [-73.660645, 6.0292928], [-73.6611485, 6.0293565], [-73.6614387, 6.029403], [-73.6616673, 6.0294575], [-73.6619116, 6.0295481], [-73.6621097, 6.0296929], [-73.662966, 6.030396], [-73.6637254, 6.0293512], [-73.6640379, 6.0290164], [-73.6642126, 6.0289216], [-73.664949, 6.0288248], [-73.66614, 6.0288258], [-73.6664708, 6.0286951], [-73.666479, 6.0288187], [-73.6666523, 6.0295906], [-73.6669041, 6.0297773], [-73.6686138, 6.028988], [-73.6697298, 6.028417], [-73.6698108, 6.0286187], [-73.6707692, 6.0295832], [-73.6708718, 6.0298428], [-73.6710919, 6.0301137], [-73.6708805, 6.0306912], [-73.6708947, 6.0308353], [-73.6711276, 6.0309375], [-73.6715654, 6.0310341], [-73.6715312, 6.032189], [-73.6730898, 6.0319592], [-73.6732648, 6.0320468], [-73.6736261, 6.0320305], [-73.6741432, 6.0324189], [-73.6743247, 6.0326989], [-73.6748661, 6.033095], [-73.6756836, 6.0332458], [-73.6762033, 6.0335005], [-73.676557, 6.0333529], [-73.6766134, 6.0334482], [-73.6759378, 6.035252], [-73.6763841, 6.0356007], [-73.6830179, 6.0359084], [-73.6836034, 6.0354497], [-73.6846665, 6.0356667], [-73.6873837, 6.0362327], [-73.6887079, 6.0361765], [-73.6895725, 6.0368732], [-73.6905949, 6.0371589], [-73.6907766, 6.0382618], [-73.6915321, 6.0388948], [-73.6922011, 6.0393444], [-73.6936881, 6.0394853], [-73.6950618, 6.0395807], [-73.6938822, 6.0404079], [-73.6927847, 6.0415912], [-73.6924944, 6.0424024], [-73.6927888, 6.0429298], [-73.6929031, 6.0433905], [-73.6930096, 6.0437885], [-73.6930557, 6.0440055], [-73.6930555, 6.0442316], [-73.6929261, 6.0443942], [-73.6926969, 6.0444562], [-73.6921781, 6.0444016], [-73.6918275, 6.0444183], [-73.6916365, 6.0446442], [-73.6915907, 6.0448522], [-73.6915448, 6.0450511], [-73.6912703, 6.045277], [-73.6910646, 6.045565], [-73.6909497, 6.0458814], [-73.6910109, 6.0463698], [-73.6910339, 6.0466693], [-73.6909884, 6.0471395], [-73.6909118, 6.0476096], [-73.690767, 6.0480424], [-73.6906374, 6.0484673], [-73.6905914, 6.0489262], [-73.6906218, 6.0497513], [-73.6906831, 6.0500588], [-73.6907518, 6.0503584], [-73.6907748, 6.0506026], [-73.690715, 6.0507109], [-73.6906805, 6.0510266], [-73.6906557, 6.0511578], [-73.6905281, 6.0512968], [-73.6902413, 6.0519907], [-73.6899587, 6.0525018], [-73.6898417, 6.0530544], [-73.6896779, 6.0532996], [-73.6892247, 6.0536975], [-73.6888896, 6.0539589], [-73.6886229, 6.0541965], [-73.6884054, 6.0545019], [-73.6880367, 6.0552026], [-73.6879119, 6.0554418], [-73.687687, 6.0559162], [-73.6874843, 6.0562617], [-73.6872911, 6.0565524], [-73.6869953, 6.0568712], [-73.6867753, 6.0572749], [-73.6865853, 6.0576673], [-73.6862945, 6.0582022], [-73.6861202, 6.0585394], [-73.6859207, 6.0589218], [-73.6857552, 6.0592239], [-73.6854108, 6.0595839], [-73.6851705, 6.0598385], [-73.6849629, 6.060199], [-73.6848671, 6.0604998], [-73.684765, 6.0610257], [-73.6844925, 6.0614057], [-73.6843224, 6.0619706], [-73.6842187, 6.0630223], [-73.6840966, 6.0635255], [-73.6839946, 6.0638583], [-73.6837669, 6.0642539], [-73.6834239, 6.0644169], [-73.682768, 6.0650221], [-73.6824083, 6.065251], [-73.6820303, 6.0657163], [-73.6818876, 6.0660587], [-73.6818592, 6.0666346], [-73.681816, 6.0667976], [-73.6813163, 6.0674569], [-73.6810336, 6.0677488], [-73.6808641, 6.0682553], [-73.6806236, 6.0688251], [-73.680105, 6.0698218], [-73.6800863, 6.070038], [-73.6798096, 6.0704931], [-73.679521, 6.0710938], [-73.6792961, 6.0716161], [-73.6791817, 6.0720802], [-73.6789567, 6.0725085], [-73.6787028, 6.0727961], [-73.6785184, 6.0730335], [-73.678381, 6.0732646], [-73.6782273, 6.0735023], [-73.6780798, 6.0736959], [-73.6778186, 6.0740632], [-73.6775547, 6.0745462], [-73.6773038, 6.074818], [-73.6770156, 6.0750982], [-73.6767664, 6.0755258], [-73.676372, 6.0764264], [-73.6760934, 6.0766157], [-73.6756718, 6.0766725], [-73.6754472, 6.077263], [-73.6751577, 6.0779217], [-73.6746847, 6.078499], [-73.6735937, 6.0796651], [-73.6718584, 6.0802534], [-73.6716473, 6.0804518], [-73.6704546, 6.0818551], [-73.6696152, 6.0827585], [-73.6685465, 6.0839512], [-73.6679412, 6.0842986], [-73.667248, 6.0855753], [-73.6662812, 6.0866301], [-73.664208, 6.0882803], [-73.6635979, 6.0886292], [-73.6634746, 6.088929], [-73.6624402, 6.0906541], [-73.661947, 6.0910553], [-73.6601782, 6.0917548], [-73.659387, 6.0928297], [-73.6579341, 6.0944481], [-73.6571578, 6.0955472], [-73.6570179, 6.0965628], [-73.6567365, 6.0983039], [-73.6563082, 6.0996108], [-73.6555923, 6.1013541], [-73.654586, 6.1029537], [-73.6532894, 6.1044098], [-73.6532942, 6.1054247], [-73.6527197, 6.1064423], [-73.6519983, 6.1070257], [-73.6517127, 6.107897], [-73.6517183, 6.1090569], [-73.6513623, 6.1099039], [-73.6507978, 6.1108179], [-73.6504285, 6.1119627], [-73.6497889, 6.1123966], [-73.6490581, 6.1126819], [-73.6476239, 6.1127496], [-73.6469581, 6.1128519], [-73.6464137, 6.1134493], [-73.6456258, 6.1156688], [-73.6435632, 6.1166896], [-73.6429496, 6.116686], [-73.6417521, 6.1180521], [-73.6406163, 6.1198389], [-73.6396085, 6.1211486], [-73.6387464, 6.1226026], [-73.6381753, 6.1243451], [-73.6378918, 6.1256514], [-73.6377545, 6.1272469], [-73.6373241, 6.1281189], [-73.6371841, 6.1291344], [-73.6364109, 6.1307009], [-73.6362448, 6.1310374], [-73.6361798, 6.1311691], [-73.6356039, 6.1318967], [-73.6350293, 6.1329144], [-73.6344533, 6.1336421], [-73.6340236, 6.134659], [-73.6327248, 6.1356802], [-73.632006, 6.1362916], [-73.6307311, 6.1379267], [-73.6296229, 6.1391751], [-73.6284703, 6.1404094], [-73.6279882, 6.1416203], [-73.6273206, 6.1431589], [-73.6272817, 6.1438915], [-73.6273102, 6.14404], [-73.6273766, 6.1441508], [-73.6274229, 6.1442118], [-73.6275047, 6.1442719], [-73.6276268, 6.1443645], [-73.6277739, 6.1444767], [-73.6279081, 6.1445392], [-73.6280983, 6.1445546], [-73.6283733, 6.1445609], [-73.6286754, 6.1445623], [-73.6289628, 6.144554], [-73.6292338, 6.1445289], [-73.6294876, 6.1445134], [-73.6298785, 6.1444583], [-73.630199, 6.1443979], [-73.630547, 6.1442714], [-73.6309585, 6.1441157], [-73.631274, 6.1440314], [-73.6316037, 6.1439174], [-73.6320281, 6.1438731], [-73.6325099, 6.1436039], [-73.6330145, 6.1433434], [-73.6348374, 6.1423244], [-73.6361239, 6.1413681], [-73.6365412, 6.1409774], [-73.6380568, 6.1404603], [-73.638629, 6.1401715], [-73.6410994, 6.1399495], [-73.6416883, 6.1397638], [-73.642018, 6.1395122], [-73.6422997, 6.1393863], [-73.6430088, 6.1393198], [-73.6435487, 6.1393713], [-73.6439953, 6.1396018], [-73.6443383, 6.1398458], [-73.6450008, 6.1402144], [-73.6454693, 6.1405347], [-73.646749, 6.1416351], [-73.6471638, 6.1417846], [-73.6478114, 6.1422015], [-73.6490421, 6.1435121], [-73.6496815, 6.1440181], [-73.6502758, 6.1441533], [-73.6511265, 6.1442771], [-73.6516546, 6.1443405], [-73.6521329, 6.1443375], [-73.6525269, 6.1442642], [-73.6530097, 6.1442468], [-73.6537833, 6.1445078], [-73.6545627, 6.1446662], [-73.6553429, 6.1448013], [-73.6557511, 6.1447108], [-73.6560668, 6.1447359], [-73.6563644, 6.1449026], [-73.6567557, 6.1455477], [-73.6596046, 6.1469781], [-73.6605076, 6.1477311], [-73.6610615, 6.148638], [-73.6622427, 6.1494919], [-73.6652502, 6.1515623], [-73.6658536, 6.1534241], [-73.6664141, 6.1538638], [-73.6671368, 6.1544372], [-73.6676176, 6.1550606], [-73.6694868, 6.1555895], [-73.6717392, 6.1575122], [-73.6728438, 6.1588962], [-73.6733531, 6.1600302], [-73.6743418, 6.1610417], [-73.6748392, 6.1619099], [-73.6754666, 6.1625004], [-73.6764401, 6.163633], [-73.6771918, 6.1643166], [-73.6776807, 6.1653011], [-73.6786639, 6.165549], [-73.6794732, 6.1658758], [-73.6796565, 6.1661491], [-73.6798213, 6.166622], [-73.6800308, 6.1670074], [-73.6807828, 6.1678565], [-73.6814061, 6.1684542], [-73.6820414, 6.1687882], [-73.6832783, 6.1698709], [-73.6838119, 6.1703758], [-73.6845111, 6.1707957], [-73.685144, 6.1714776], [-73.6856713, 6.1722351], [-73.6856011, 6.1729682], [-73.6854378, 6.1742206], [-73.6853182, 6.1748245], [-73.6855801, 6.1752977], [-73.6865713, 6.1761107], [-73.6866877, 6.1764272], [-73.686624, 6.176952], [-73.6867156, 6.177263], [-73.6868448, 6.1774606], [-73.6868993, 6.1777785], [-73.686874, 6.1782958], [-73.686547, 6.1784451], [-73.6861329, 6.1785401], [-73.6858088, 6.1788343], [-73.6856766, 6.1791721], [-73.6857236, 6.1794241], [-73.6856119, 6.1799405], [-73.6853258, 6.1804514], [-73.6853305, 6.1807131], [-73.6855586, 6.181371], [-73.6855354, 6.1818058], [-73.6856221, 6.1824203], [-73.6858039, 6.1830861], [-73.6857291, 6.1835404], [-73.6857495, 6.1840327], [-73.6858186, 6.1843762], [-73.6860163, 6.1845974], [-73.6860156, 6.1848699], [-73.6855936, 6.1850869], [-73.6855311, 6.1853544], [-73.685466, 6.1859643], [-73.6851461, 6.1864985], [-73.685131, 6.1868811], [-73.6855554, 6.1880499], [-73.6856937, 6.188514], [-73.6857272, 6.1892242], [-73.685816, 6.1898341], [-73.6862269, 6.190956], [-73.6862838, 6.1940187], [-73.686582, 6.1949268], [-73.6867347, 6.19546], [-73.6867259, 6.1957806], [-73.6865038, 6.1959624], [-73.6862996, 6.1962181], [-73.6861998, 6.1964624], [-73.6862031, 6.1965634], [-73.686311, 6.1968276], [-73.6864114, 6.1969301], [-73.6863937, 6.197413], [-73.6861358, 6.1997291], [-73.6860535, 6.2007766], [-73.6859229, 6.2010819], [-73.68521, 6.2016796], [-73.6851553, 6.2024227], [-73.6852132, 6.2028231], [-73.6851717, 6.2031432], [-73.6850236, 6.2037018], [-73.6850527, 6.2041598], [-73.6849539, 6.2046561], [-73.6848512, 6.2047567], [-73.6846383, 6.2049896], [-73.6845682, 6.2053381], [-73.6845309, 6.205748], [-73.6845428, 6.2061977], [-73.6843352, 6.2065708], [-73.6839497, 6.2069196], [-73.6839711, 6.2074488], [-73.6840835, 6.2079066], [-73.6841105, 6.2082535], [-73.6839574, 6.2084397], [-73.6838765, 6.2087915], [-73.6838103, 6.2091203], [-73.6836422, 6.2095495], [-73.6834237, 6.209798], [-73.6831938, 6.2099415], [-73.6827959, 6.2100719], [-73.6825685, 6.2101496], [-73.6821431, 6.2103496], [-73.6819219, 6.2104342], [-73.6815487, 6.2106312], [-73.681358, 6.2109389], [-73.6813527, 6.2115591], [-73.6814395, 6.2120989], [-73.6809619, 6.2129149], [-73.6802964, 6.2134212], [-73.6802425, 6.2139955], [-73.6800936, 6.2146185], [-73.6800876, 6.2150783], [-73.6802048, 6.2154405], [-73.6801864, 6.2159774], [-73.6801461, 6.2164642], [-73.6798715, 6.2169455], [-73.6794082, 6.2174465], [-73.6790597, 6.2180724], [-73.6790132, 6.2188274], [-73.679143, 6.2195334], [-73.6792447, 6.2202241], [-73.6792488, 6.2214609], [-73.6791848, 6.2237389], [-73.6796769, 6.2243014], [-73.6798022, 6.224939], [-73.6800536, 6.225218], [-73.6804997, 6.2254212], [-73.6808414, 6.2256668], [-73.6809047, 6.2265223], [-73.6803648, 6.2270249], [-73.6797346, 6.2278856], [-73.6797192, 6.2301415], [-73.6795153, 6.2314579], [-73.6795766, 6.2324213], [-73.6797723, 6.2329057], [-73.6796572, 6.2335823], [-73.6791677, 6.2344129], [-73.6792, 6.2348821], [-73.6794429, 6.2351045], [-73.6795226, 6.2354471], [-73.6790501, 6.2369533], [-73.6789424, 6.2375482], [-73.6790431, 6.2379241], [-73.6799755, 6.2385737], [-73.6799038, 6.2405829], [-73.6793031, 6.241764], [-73.6793587, 6.2420467], [-73.6799891, 6.242438], [-73.6815739, 6.2429849], [-73.6818632, 6.2437792], [-73.6813457, 6.2449836], [-73.6812943, 6.2453214], [-73.6814399, 6.2455947], [-73.6824694, 6.2461954], [-73.6824425, 6.2465481], [-73.6819311, 6.2476082], [-73.6819417, 6.2479225], [-73.6821224, 6.2481851], [-73.6831794, 6.2487001], [-73.683617, 6.2488921], [-73.6838794, 6.2491985], [-73.6838574, 6.249858], [-73.6836997, 6.2500639], [-73.6832791, 6.2502798], [-73.6825883, 6.2502599], [-73.6822035, 6.2503851], [-73.6818571, 6.2506401], [-73.6816359, 6.2510367], [-73.6816005, 6.2516768], [-73.6816822, 6.2520822], [-73.6818822, 6.2526596], [-73.6821486, 6.2529263], [-73.6826728, 6.2532323], [-73.6832552, 6.2533581], [-73.6845134, 6.25359], [-73.6853009, 6.2535421], [-73.6864476, 6.2533464], [-73.6870217, 6.2533792], [-73.6875462, 6.2535067], [-73.6884337, 6.2542875], [-73.6891699, 6.2544707], [-73.6900345, 6.2548307], [-73.6902157, 6.2552951], [-73.6902397, 6.2574518], [-73.6905349, 6.2577153], [-73.691555, 6.2581222], [-73.6919114, 6.2584185], [-73.6922189, 6.2591183], [-73.6922811, 6.2596199], [-73.6923369, 6.2603503], [-73.6920986, 6.2614353], [-73.6921328, 6.2622152], [-73.692745, 6.2631121], [-73.6930337, 6.2644259], [-73.6925712, 6.2659971], [-73.692377, 6.2674681], [-73.692374, 6.2680143], [-73.6927739, 6.2690481], [-73.692863, 6.2696388], [-73.6926313, 6.2712665], [-73.6927784, 6.272031], [-73.6930484, 6.2724652], [-73.6939587, 6.2730798], [-73.6947365, 6.2741191], [-73.6947108, 6.2744521], [-73.694164, 6.274588], [-73.6934756, 6.2749505], [-73.6934456, 6.2754013], [-73.6936396, 6.2757115], [-73.6940201, 6.2759445], [-73.6967196, 6.2767722], [-73.6976237, 6.2770577], [-73.6978435, 6.2770394], [-73.69808, 6.2769079], [-73.698313, 6.2760199], [-73.6989687, 6.2748448], [-73.6993079, 6.2748582], [-73.6994672, 6.2750301], [-73.6997476, 6.2760559], [-73.7002057, 6.2764604], [-73.7005649, 6.2766774], [-73.7011896, 6.2767932], [-73.701993, 6.2770517], [-73.7023512, 6.2773051], [-73.7027422, 6.2780248], [-73.7027478, 6.2794602], [-73.7028604, 6.2799192], [-73.7033205, 6.2800206], [-73.7045, 6.2799966], [-73.7051284, 6.279833], [-73.7055905, 6.2800107], [-73.7058922, 6.2812563], [-73.7060965, 6.2817267], [-73.7064017, 6.2819852], [-73.7071253, 6.2824942], [-73.7080959, 6.2826185], [-73.7093329, 6.2825551], [-73.7101391, 6.282471], [-73.7104075, 6.2825398], [-73.71055, 6.2827588], [-73.7093357, 6.28459], [-73.7102232, 6.286792], [-73.7109567, 6.2871191], [-73.7109337, 6.2875485], [-73.7103081, 6.2879638], [-73.7102983, 6.2884005], [-73.7103664, 6.2886267], [-73.7107454, 6.2888219], [-73.7111178, 6.2888211], [-73.711615, 6.2890889], [-73.7117594, 6.2914778], [-73.7118927, 6.2921587], [-73.7123995, 6.2930364], [-73.7130059, 6.2938856], [-73.7129539, 6.2941732], [-73.7130895, 6.294437], [-73.7132528, 6.2947327], [-73.7127493, 6.295549], [-73.7128233, 6.2960162], [-73.7132219, 6.2961298], [-73.7137667, 6.2960009], [-73.7140009, 6.2956011], [-73.7143296, 6.2944859], [-73.7146475, 6.2938116], [-73.7159089, 6.2926114], [-73.7161906, 6.2926097], [-73.7173631, 6.2936375], [-73.7178436, 6.2939096], [-73.7172629, 6.29483], [-73.7174334, 6.2952959], [-73.7179174, 6.2954959], [-73.7190973, 6.2959663], [-73.7197827, 6.2961092], [-73.72043, 6.2954213], [-73.7205456, 6.2933826], [-73.7210504, 6.2934334], [-73.7214171, 6.2942938], [-73.7221882, 6.2946022], [-73.7222367, 6.2951882], [-73.7210246, 6.2954387], [-73.7204412, 6.2977365], [-73.7191747, 6.2983662], [-73.7190309, 6.2988109], [-73.7192924, 6.2997693], [-73.7187157, 6.300108], [-73.7181376, 6.3006593], [-73.7177498, 6.3011394], [-73.7175385, 6.3013597], [-73.7164662, 6.3024777], [-73.716055, 6.3029381], [-73.715743, 6.3032494], [-73.7153849, 6.3036927], [-73.7150307, 6.3042272], [-73.7151199, 6.3047874], [-73.7151835, 6.305164], [-73.714967, 6.3056557], [-73.7148942, 6.3061067], [-73.7150597, 6.3069558], [-73.7152364, 6.3074634], [-73.7153235, 6.308304], [-73.7158303, 6.3092624], [-73.7161153, 6.3098311], [-73.7173086, 6.3107422], [-73.7174811, 6.3112214], [-73.717149, 6.3116059], [-73.716125, 6.3128539], [-73.71579, 6.3131983], [-73.7131365, 6.3152509], [-73.7129325, 6.3157672], [-73.7134385, 6.3164467], [-73.7151551, 6.3170089], [-73.7150143, 6.3176055], [-73.7137839, 6.3183977], [-73.71229, 6.3206609], [-73.7120843, 6.3215873], [-73.7120525, 6.3220701], [-73.7125548, 6.3226657], [-73.712629, 6.3231987], [-73.7123229, 6.323638], [-73.7111598, 6.3238437], [-73.7101908, 6.3238937], [-73.7094471, 6.3244292], [-73.7090284, 6.3250954], [-73.7084955, 6.3256941], [-73.7079549, 6.3263811], [-73.7074096, 6.3271807], [-73.7071346, 6.3276336], [-73.7068568, 6.3281305], [-73.7065648, 6.3287008], [-73.7062605, 6.3293538], [-73.705934, 6.3301313], [-73.7052984, 6.3342392], [-73.7049709, 6.3350004], [-73.7037646, 6.3357567], [-73.703816, 6.3366329], [-73.7043212, 6.3372515], [-73.7050367, 6.3372218], [-73.705488, 6.3370126], [-73.7058576, 6.3367405], [-73.7061065, 6.3369062], [-73.706038, 6.3372387], [-73.7036375, 6.3378472], [-73.7031622, 6.3391105], [-73.7034322, 6.3406321], [-73.7031669, 6.3418045], [-73.7022648, 6.3433773], [-73.7006523, 6.3439655], [-73.6992479, 6.3457405], [-73.6985968, 6.3465733], [-73.6982986, 6.3469966], [-73.6980345, 6.3474036], [-73.697799, 6.347799], [-73.6974159, 6.3485286], [-73.697035, 6.3493899], [-73.6967034, 6.350259], [-73.6962126, 6.3516377], [-73.695954, 6.3523148], [-73.6957428, 6.3528117], [-73.6955394, 6.3532391], [-73.6953189, 6.3536496], [-73.6950973, 6.3540137], [-73.6948721, 6.3543417], [-73.6944397, 6.354878], [-73.693956, 6.3553726], [-73.6933788, 6.3558723], [-73.6919611, 6.3569423], [-73.6912591, 6.3575028], [-73.6907372, 6.3579873], [-73.6903397, 6.3584262], [-73.6900415, 6.3588148], [-73.6896565, 6.3594178], [-73.6894092, 6.3598697], [-73.6888228, 6.3610291], [-73.6886628, 6.3613269], [-73.6883651, 6.3618286], [-73.6880198, 6.3623256], [-73.6875991, 6.3628332], [-73.6870792, 6.3633568], [-73.68676, 6.3636386], [-73.6861125, 6.3641488], [-73.6854909, 6.3645888], [-73.6822767, 6.3667], [-73.6796625, 6.3685], [-73.6783233, 6.3694588], [-73.6773565, 6.3701753], [-73.6764998, 6.3708343], [-73.6755106, 6.371633], [-73.6746208, 6.3723976], [-73.6742141, 6.3727659], [-73.6734462, 6.3735018], [-73.6727513, 6.3742262], [-73.6724258, 6.3745899], [-73.6718346, 6.3753018], [-73.6713092, 6.376007], [-73.6708471, 6.3767065], [-73.6706109, 6.3771033], [-73.6701968, 6.3778922], [-73.670018, 6.3782845], [-73.669715, 6.3790649], [-73.6694824, 6.3798403], [-73.6693407, 6.3804807], [-73.6692444, 6.3811182], [-73.669189, 6.3818394], [-73.669185, 6.3823591], [-73.6692131, 6.3828726], [-73.6692512, 6.3832106], [-73.6693609, 6.3838068], [-73.6695032, 6.3843189], [-73.6695436, 6.3844327], [-73.6696443, 6.3847158], [-73.6701018, 6.3857921], [-73.6702856, 6.386264], [-73.6704161, 6.3866927], [-73.6704734, 6.3869492], [-73.6705167, 6.3872317], [-73.6705389, 6.387537], [-73.6705326, 6.3878577], [-73.6704911, 6.3881876], [-73.6704124, 6.3885064], [-73.6703009, 6.3887981], [-73.6701681, 6.3890478], [-73.6700289, 6.3892497], [-73.6697953, 6.3895083], [-73.669455, 6.3897823], [-73.6691556, 6.3899648], [-73.6687595, 6.3901563], [-73.6682819, 6.3903417], [-73.6667517, 6.3908394], [-73.6663064, 6.3910085], [-73.6657564, 6.3912728], [-73.6654406, 6.391471], [-73.6650846, 6.3917639], [-73.664898, 6.3919642], [-73.6647689, 6.3921321], [-73.6646186, 6.3923729], [-73.6644993, 6.392621], [-73.6644095, 6.3928724], [-73.6643527, 6.3930965], [-73.6643024, 6.3934527], [-73.6642947, 6.393779], [-73.6643235, 6.3941489], [-73.6643557, 6.3943664], [-73.6644521, 6.3948282], [-73.6648225, 6.3962152], [-73.664916, 6.3966337], [-73.6649785, 6.3969954], [-73.6650202, 6.3973552], [-73.6650389, 6.3976902], [-73.6650332, 6.398131], [-73.6649767, 6.3986987], [-73.6648677, 6.399263], [-73.6647413, 6.3997211], [-73.664574, 6.4001974], [-73.664373, 6.4006662], [-73.6641366, 6.4011325], [-73.663869, 6.4015883], [-73.6635723, 6.4020315], [-73.6632499, 6.4024592], [-73.662905, 6.4028684], [-73.662546, 6.4032519], [-73.6621833, 6.4036012], [-73.661833, 6.4039046], [-73.6615191, 6.4041458], [-73.6612768, 6.4043012], [-73.6611551, 6.4043338], [-73.6606379, 6.4046115], [-73.6603537, 6.4051162], [-73.6601261, 6.4055922], [-73.659955, 6.4060395], [-73.6598405, 6.406458], [-73.6597826, 6.4068478], [-73.6597812, 6.4072089], [-73.6598017, 6.4073787], [-73.6598364, 6.4075413], [-73.6598853, 6.4076969], [-73.6599481, 6.4078447], [-73.6600312, 6.4079729], [-73.6601474, 6.4080888], [-73.6602978, 6.4081936], [-73.6604851, 6.4082892], [-73.6606881, 6.4083691], [-73.6609326, 6.4084466], [-73.6619979, 6.4087159], [-73.6624451, 6.4088548], [-73.6626657, 6.4089447], [-73.6628546, 6.4090417], [-73.6630151, 6.4091476], [-73.6631487, 6.4092633], [-73.6633705, 6.4095134], [-73.6635769, 6.4098031], [-73.6637679, 6.4101323], [-73.6639433, 6.410501], [-73.6661107, 6.4124571], [-73.6659308, 6.4155166], [-73.6657508, 6.4180362], [-73.6649236, 6.4200321], [-73.6630104, 6.4218105], [-73.6592733, 6.4250013], [-73.6590435, 6.4271968], [-73.6581056, 6.4275729], [-73.6552724, 6.425897], [-73.653562, 6.4282468], [-73.6548412, 6.4305222], [-73.6529342, 6.4318147], [-73.6511732, 6.4333337], [-73.6494019, 6.4338754], [-73.6486045, 6.4372299], [-73.6472138, 6.4392728], [-73.646134, 6.4408925], [-73.6449075, 6.4443246], [-73.6419012, 6.4464766], [-73.6416701, 6.4484563], [-73.643258, 6.4522715], [-73.6459269, 6.4539331], [-73.646064, 6.4550813], [-73.6451602, 6.4559824], [-73.6428368, 6.4555698], [-73.6417377, 6.4563789], [-73.6422118, 6.4595643], [-73.6469034, 6.4608465], [-73.6492258, 6.4616849], [-73.6502542, 6.4637392], [-73.6504218, 6.4640739], [-73.6504344, 6.4641524], [-73.650448, 6.4642375], [-73.6510982, 6.4683008], [-73.6537522, 6.4732493], [-73.6560552, 6.4767456], [-73.6603856, 6.4795774], [-73.6630014, 6.4794558], [-73.6651611, 6.4782499], [-73.6668722, 6.4785152], [-73.671112, 6.4796345], [-73.6756845, 6.4793171], [-73.6759286, 6.4812454], [-73.6763203, 6.4820745], [-73.6768973, 6.4821723], [-73.6775516, 6.4813252], [-73.6798469, 6.4802044], [-73.6808392, 6.4789641], [-73.6818232, 6.4779555], [-73.6827231, 6.4773549], [-73.6831301, 6.4774908], [-73.6831658, 6.4778502], [-73.681598, 6.4816887], [-73.680109, 6.4891765], [-73.6805657, 6.4912769], [-73.6815966, 6.4922942], [-73.6830016, 6.4927572], [-73.6849897, 6.492784], [-73.6860507, 6.4941586], [-73.6832363, 6.5023981], [-73.6839448, 6.5036341], [-73.6878326, 6.5031724], [-73.6888313, 6.5057869], [-73.6943682, 6.5054242], [-73.695429, 6.5065645], [-73.702281, 6.5082698], [-73.7024865, 6.5097345], [-73.7040515, 6.5105505], [-73.7069143, 6.5103691], [-73.709546, 6.5132043], [-73.7123766, 6.5103901], [-73.7132817, 6.5107628], [-73.7120563, 6.5161774], [-73.7146632, 6.5229059], [-73.7162554, 6.523212], [-73.727206, 6.5197477], [-73.7340268, 6.5209413], [-73.7365846, 6.5229875], [-73.739038, 6.5251827], [-73.7397782, 6.5253522], [-73.7404428, 6.5259715], [-73.7412965, 6.5269344], [-73.7416763, 6.5277549], [-73.7420457, 6.5285804], [-73.7424689, 6.5293794], [-73.7429922, 6.5301161], [-73.7435985, 6.5307866], [-73.7442733, 6.5313896], [-73.7450427, 6.5318616], [-73.7459082, 6.5321182], [-73.7468051, 6.5322286], [-73.7477069, 6.5321742], [-73.7485906, 6.5319744], [-73.7494784, 6.5317689], [-73.7503643, 6.5315528], [-73.7512423, 6.531321], [-73.7521065, 6.5310688], [-73.7529478, 6.5307864], [-73.753527, 6.5301002], [-73.7544098, 6.5298923], [-73.7553117, 6.5298106], [-73.7562137, 6.5297494], [-73.7571175, 6.5297279], [-73.7580211, 6.5297582], [-73.7589196, 6.52986], [-73.7597963, 6.5300759], [-73.7605589, 6.5305591], [-73.7611548, 6.531239], [-73.7614933, 6.5320723], [-73.7616207, 6.5329685], [-73.7616591, 6.5338718], [-73.7616396, 6.5347758], [-73.7615875, 6.5356785], [-73.7615259, 6.5365807], [-73.7614563, 6.5382753], [-73.7607722, 6.5388667], [-73.7601077, 6.5394799], [-73.7596539, 6.5402558], [-73.7593628, 6.5411125], [-73.7591557, 6.5419925], [-73.759015, 6.5428869], [-73.7590104, 6.5437952], [-73.759461, 6.5445652], [-73.7601272, 6.5451757], [-73.7608417, 6.5457299], [-73.761566, 6.5462712], [-73.7622741, 6.5468377], [-73.7625954, 6.5476619], [-73.7625168, 6.5485683], [-73.7624858, 6.5494723], [-73.7624347, 6.549862], [-73.7626328, 6.5497477], [-73.763199, 6.5497317], [-73.7639685, 6.5497317], [-73.764738, 6.5497958], [-73.7656998, 6.5497317], [-73.7664052, 6.5494111], [-73.7667899, 6.5490905], [-73.767367, 6.5485775], [-73.7677517, 6.5480004], [-73.7679441, 6.5474233], [-73.768393, 6.5466538], [-73.7685212, 6.5464615], [-73.7687136, 6.5462691], [-73.7692266, 6.546205], [-73.769996, 6.5469745], [-73.7701243, 6.5474874], [-73.770239, 6.5478891], [-73.7703808, 6.5481928], [-73.7706373, 6.548834], [-73.7710861, 6.5492829], [-73.7719838, 6.5500523], [-73.7728815, 6.5506294], [-73.7743564, 6.5507577], [-73.7769213, 6.5509501], [-73.778332, 6.551463], [-73.7807686, 6.5520401], [-73.7818587, 6.5526814], [-73.7828846, 6.5535791], [-73.7837824, 6.5542203], [-73.784103, 6.5542844], [-73.7858984, 6.5551821], [-73.787245, 6.5560798], [-73.787758, 6.556657], [-73.7882479, 6.5574971]]]}}, {"type": "Feature", "properties": {"municipio": "Guavatá"}, "geometry": {"type": "Polygon", "coordinates": [[[-73.7674488, 5.9364539], [-73.7674457, 5.9360167], [-73.7674115, 5.9355868], [-73.7673695, 5.935296], [-73.7672671, 5.9348308], [-73.7671558, 5.9344746], [-73.7670471, 5.9341972], [-73.7669205, 5.9339239], [-73.7662811, 5.9327352], [-73.7661405, 5.932401], [-73.7660524, 5.9321412], [-73.7659146, 5.9316095], [-73.7656703, 5.9303468], [-73.7655758, 5.9299298], [-73.7654445, 5.929461], [-73.7653114, 5.9290715], [-73.7651304, 5.9286195], [-73.7649199, 5.9281557], [-73.7641109, 5.9265394], [-73.763713, 5.9256731], [-73.7634599, 5.9250487], [-73.7632252, 5.9243924], [-73.7630088, 5.9236916], [-73.7627752, 5.9227759], [-73.7625787, 5.9217907], [-73.7624562, 5.9210014], [-73.7623614, 5.9202249], [-73.7622151, 5.9186461], [-73.7621013, 5.9179467], [-73.7619654, 5.9175156], [-73.7618537, 5.9172764], [-73.7617135, 5.9170442], [-73.7616067, 5.9168963], [-73.761348, 5.9165971], [-73.7610193, 5.9162824], [-73.7595962, 5.9151053], [-73.7590358, 5.9145874], [-73.7587924, 5.9143389], [-73.7583653, 5.9138553], [-73.7579992, 5.9133759], [-73.7577941, 5.9130713], [-73.7575976, 5.9127474], [-73.7574186, 5.9124161], [-73.7572597, 5.9120829], [-73.7570095, 5.9114382], [-73.7568461, 5.9108522], [-73.7567492, 5.9102946], [-73.7567197, 5.9097995], [-73.75673, 5.9095904], [-73.7567567, 5.9094186], [-73.7568006, 5.909297], [-73.7568652, 5.9092418], [-73.756903, 5.9083423], [-73.757192, 5.907753], [-73.7576763, 5.9064155], [-73.7578377, 5.9053316], [-73.7577916, 5.9034867], [-73.7574226, 5.9021722], [-73.7567308, 5.9005809], [-73.7560389, 5.8995893], [-73.7556629, 5.8991271], [-73.7551731, 5.8985402], [-73.7539342, 5.8971626], [-73.7534329, 5.896579], [-73.7529484, 5.8959618], [-73.7525562, 5.8953999], [-73.7522292, 5.8948714], [-73.7519064, 5.8954238], [-73.751139, 5.896376], [-73.750684, 5.896854], [-73.7506176, 5.8969161], [-73.7503808, 5.8972294], [-73.7502704, 5.8973417], [-73.7501465, 5.8974167], [-73.7498595, 5.8975386], [-73.7497427, 5.8976012], [-73.749647, 5.8976771], [-73.749119, 5.8978921], [-73.7485079, 5.8978626], [-73.747757, 5.8978795], [-73.7475198, 5.8978647], [-73.747317, 5.8978828], [-73.7471544, 5.8979276], [-73.7469618, 5.8980085], [-73.7463633, 5.8983399], [-73.7461406, 5.8984472], [-73.7459428, 5.8985191], [-73.7454707, 5.8986613], [-73.7452533, 5.8987493], [-73.7451285, 5.8988193], [-73.7450063, 5.8989054], [-73.7447641, 5.8991298], [-73.7445432, 5.8993933], [-73.7439821, 5.9001437], [-73.7437992, 5.9003447], [-73.7436208, 5.9005021], [-73.74346, 5.9006109], [-73.743298, 5.9006902], [-73.7431532, 5.9007354], [-73.7427798, 5.9008235], [-73.7425974, 5.9008959], [-73.7424833, 5.900976], [-73.7423021, 5.9011699], [-73.7422166, 5.9012414], [-73.7420983, 5.9013079], [-73.7417459, 5.9014635], [-73.7414937, 5.9016533], [-73.7413002, 5.9018465], [-73.7411351, 5.9020575], [-73.7410588, 5.9021921], [-73.7408948, 5.9025494], [-73.7407725, 5.9027247], [-73.7405715, 5.9029125], [-73.7400326, 5.9033179], [-73.7399131, 5.903436], [-73.739827, 5.9035523], [-73.7397665, 5.9036851], [-73.7397462, 5.9038093], [-73.7397498, 5.9038695], [-73.7397348, 5.9038896], [-73.7396184, 5.9041999], [-73.7392306, 5.9045877], [-73.7390367, 5.9048592], [-73.7388815, 5.9051307], [-73.7386876, 5.905441], [-73.7385324, 5.9057514], [-73.738183, 5.9066825], [-73.7380666, 5.906954], [-73.7380595, 5.9070035], [-73.7373242, 5.9070396], [-73.7363092, 5.9069847], [-73.7321906, 5.9070044], [-73.7310556, 5.9068305], [-73.7297993, 5.9062388], [-73.7285424, 5.9055275], [-73.7269876, 5.9049372], [-73.7254357, 5.9049446], [-73.7243618, 5.9050693], [-73.7237692, 5.9059687], [-73.7237726, 5.9066859], [-73.7235966, 5.9073442], [-73.7231214, 5.9078247], [-73.7230054, 5.9085425], [-73.722234, 5.9095025], [-73.7217581, 5.9098634], [-73.7204498, 5.9108857], [-73.7192022, 5.9121468], [-73.7168745, 5.9122177], [-73.7157978, 5.9117446], [-73.7150767, 5.9107319], [-73.7148326, 5.9095974], [-73.71429, 5.9084644], [-73.7134529, 5.9081695], [-73.7122594, 5.9082349], [-73.7112497, 5.9093156], [-73.7105962, 5.9099762], [-73.7095829, 5.9102798], [-73.7093444, 5.9103407], [-73.7079118, 5.9103475], [-73.7062384, 5.909937], [-73.7030711, 5.909175], [-73.7014575, 5.9087642], [-73.7003802, 5.9081716], [-73.6986441, 5.9071039], [-73.6975657, 5.9062722], [-73.6964879, 5.90556], [-73.6957691, 5.9050254], [-73.6947827, 5.9045054], [-73.6945762, 5.9046983], [-73.6944024, 5.9049293], [-73.694276, 5.9051737], [-73.6942396, 5.9052881], [-73.6942261, 5.9053817], [-73.694247, 5.9055071], [-73.6943129, 5.9056486], [-73.6944049, 5.9057856], [-73.6946489, 5.9061038], [-73.6947404, 5.9062565], [-73.6947813, 5.9063972], [-73.694779, 5.9064611], [-73.6947622, 5.9065274], [-73.6946923, 5.9066514], [-73.6945692, 5.90678], [-73.6944182, 5.9068991], [-73.6939788, 5.9072085], [-73.6937752, 5.9073958], [-73.6937037, 5.9074937], [-73.6936497, 5.9076049], [-73.6935866, 5.9077745], [-73.6935389, 5.9079506], [-73.6935083, 5.9081217], [-73.6934912, 5.9082985], [-73.6934981, 5.908669], [-73.6935596, 5.9090622], [-73.6936756, 5.9094781], [-73.6935653, 5.9096904], [-73.6934468, 5.9098516], [-73.6933201, 5.9099617], [-73.6930496, 5.9102064], [-73.6926062, 5.910465], [-73.6920042, 5.9107868], [-73.6917563, 5.9110191], [-73.6911377, 5.9113192], [-73.6907155, 5.9117472], [-73.6906289, 5.9121285], [-73.6906626, 5.9125028], [-73.6903516, 5.9129042], [-73.6902791, 5.9133179], [-73.6900661, 5.913478], [-73.6898096, 5.9136199], [-73.6884299, 5.9136189], [-73.6882078, 5.9136814], [-73.6879967, 5.9137593], [-73.6877968, 5.9138527], [-73.6876081, 5.9139616], [-73.6873232, 5.9141729], [-73.6871161, 5.9143878], [-73.6870333, 5.914459], [-73.6869241, 5.9145223], [-73.6866468, 5.9146363], [-73.6865303, 5.9146992], [-73.6864528, 5.9147614], [-73.686279, 5.9149478], [-73.6861894, 5.9150219], [-73.6860728, 5.915085], [-73.6857914, 5.915201], [-73.6856768, 5.915269], [-73.6855277, 5.9153994], [-73.6853932, 5.9155509], [-73.6848409, 5.9161031], [-73.6846658, 5.9160484], [-73.6844979, 5.9160112], [-73.6843372, 5.9159916], [-73.6841837, 5.9159894], [-73.6840367, 5.9160049], [-73.683897, 5.9160382], [-73.6837618, 5.9160904], [-73.6836455, 5.9161559], [-73.6835212, 5.9162522], [-73.6833972, 5.916375], [-73.683276, 5.9165225], [-73.6831705, 5.9166787], [-73.6831065, 5.9168493], [-73.6830136, 5.9172979], [-73.6829691, 5.9174021], [-73.6829105, 5.9174811], [-73.6827868, 5.9175661], [-73.6824947, 5.9176809], [-73.6823825, 5.9177402], [-73.6822986, 5.9178103], [-73.6821062, 5.9180137], [-73.681928, 5.9181395], [-73.6817366, 5.9182373], [-73.6815281, 5.9183111], [-73.6814412, 5.9185491], [-73.6813228, 5.9187643], [-73.681173, 5.9189568], [-73.6809917, 5.9191269], [-73.6808626, 5.919209], [-73.6805718, 5.9193296], [-73.6804565, 5.9193919], [-73.6803697, 5.9194632], [-73.6801722, 5.9196716], [-73.6799819, 5.9197986], [-73.679734, 5.9199048], [-73.6794574, 5.9199674], [-73.6791114, 5.9204048], [-73.6787741, 5.9209084], [-73.6785016, 5.9214278], [-73.6780354, 5.9220129], [-73.6776334, 5.9225005], [-73.6773758, 5.9227446], [-73.6768129, 5.923395], [-73.6763792, 5.9240285], [-73.6758973, 5.924727], [-73.6755905, 5.9250762], [-73.6754429, 5.9252858], [-73.6752839, 5.9254797], [-73.6751135, 5.9256577], [-73.6749318, 5.92582], [-73.6747631, 5.9259492], [-73.6745929, 5.9260612], [-73.6741302, 5.926278], [-73.6739282, 5.9264452], [-73.673768, 5.926635], [-73.6737195, 5.9267342], [-73.6736032, 5.927041], [-73.6735523, 5.9271167], [-73.6734928, 5.9271635], [-73.6734266, 5.9271843], [-73.6733432, 5.9271879], [-73.6729156, 5.9271127], [-73.6728188, 5.92711], [-73.67274, 5.9271244], [-73.6726878, 5.9271486], [-73.6726343, 5.9271902], [-73.6724318, 5.9274094], [-73.6723052, 5.9274887], [-73.6721348, 5.9275514], [-73.6716325, 5.9276801], [-73.6714917, 5.927743], [-73.6711151, 5.9279413], [-73.6710052, 5.9279843], [-73.6708996, 5.9280097], [-73.6707262, 5.9280233], [-73.670524, 5.9280091], [-73.669856, 5.9278779], [-73.669634, 5.9278477], [-73.6694356, 5.9278481], [-73.6692691, 5.9278833], [-73.6691787, 5.9279233], [-73.6690975, 5.9279775], [-73.6688746, 5.9282088], [-73.6687685, 5.9282863], [-73.66861, 5.9283464], [-73.6682605, 5.9284159], [-73.6681206, 5.9284579], [-73.6680109, 5.9285161], [-73.6678359, 5.9286577], [-73.6677479, 5.9287588], [-73.6677079, 5.9288475], [-73.667706, 5.9289597], [-73.6677513, 5.9292675], [-73.6677378, 5.9293324], [-73.6676966, 5.9293752], [-73.6676082, 5.9294127], [-73.6674912, 5.9294214], [-73.6673455, 5.9294014], [-73.6671711, 5.9293526], [-73.666834, 5.929151], [-73.6673747, 5.9296516], [-73.6680886, 5.929647], [-73.6683596, 5.9304416], [-73.6692261, 5.9313764], [-73.6698613, 5.9318153], [-73.6702671, 5.9324916], [-73.6701662, 5.9327832], [-73.6694476, 5.932653], [-73.6692404, 5.932938], [-73.6696831, 5.9331405], [-73.6701612, 5.9334573], [-73.6698911, 5.9339498], [-73.6698238, 5.9346937], [-73.6696082, 5.9352204], [-73.6693764, 5.9360898], [-73.6692563, 5.9371297], [-73.6688964, 5.9385725], [-73.6683974, 5.9397856], [-73.6678891, 5.9399943], [-73.6677642, 5.9409071], [-73.6679001, 5.9414197], [-73.6681533, 5.9417016], [-73.6681025, 5.9418908], [-73.6681148, 5.9419905], [-73.6680892, 5.9420906], [-73.6680761, 5.9422395], [-73.6681311, 5.9424174], [-73.6681544, 5.942514], [-73.6682462, 5.9426948], [-73.6682982, 5.9429187], [-73.6686604, 5.9434983], [-73.668779, 5.9437093], [-73.6688866, 5.9438679], [-73.6689256, 5.9440006], [-73.6689659, 5.9441087], [-73.6690354, 5.9442844], [-73.669138, 5.9444393], [-73.6692139, 5.9445412], [-73.6692836, 5.9446519], [-73.669392, 5.9447985], [-73.6695889, 5.9451422], [-73.669741, 5.9453841], [-73.6700758, 5.9459706], [-73.6701526, 5.9467013], [-73.6702624, 5.9469672], [-73.6703147, 5.94716], [-73.6703292, 5.9472341], [-73.6703462, 5.9473312], [-73.6703744, 5.9474277], [-73.6704913, 5.9477042], [-73.6707508, 5.9481], [-73.6709554, 5.9484963], [-73.6712389, 5.948732], [-73.6714262, 5.9489554], [-73.6715903, 5.94912], [-73.6717954, 5.949286], [-73.6718735, 5.9493677], [-73.6720146, 5.9494964], [-73.6720918, 5.9495558], [-73.6722492, 5.9496028], [-73.672412, 5.9496429], [-73.6726055, 5.9496974], [-73.6729776, 5.9495961], [-73.6732931, 5.9495195], [-73.6735878, 5.9493444], [-73.6737897, 5.9491944], [-73.6741153, 5.9491349], [-73.6743875, 5.9491856], [-73.6746521, 5.949268], [-73.6749093, 5.9493823], [-73.6751589, 5.9495283], [-73.6757104, 5.9500813], [-73.6758516, 5.9502015], [-73.6759674, 5.9503323], [-73.6760256, 5.9504278], [-73.676057, 5.950539], [-73.6760641, 5.9506533], [-73.6760526, 5.9507888], [-73.6759567, 5.9512539], [-73.6759333, 5.9514167], [-73.6759332, 5.9515641], [-73.6759607, 5.9516861], [-73.676052, 5.9518467], [-73.6761856, 5.9520103], [-73.6763462, 5.9521574], [-73.6765366, 5.9522923], [-73.676984, 5.953114], [-73.6769205, 5.9533659], [-73.6768975, 5.953601], [-73.6769152, 5.9538193], [-73.6769688, 5.9540091], [-73.6770583, 5.954184], [-73.6771304, 5.9542772], [-73.6773268, 5.9544547], [-73.677388, 5.9545571], [-73.6774054, 5.9546341], [-73.6774081, 5.9547253], [-73.6773507, 5.9551307], [-73.6773553, 5.9553015], [-73.6773918, 5.9554243], [-73.6774508, 5.9555622], [-73.6776384, 5.9558858], [-73.6777144, 5.955988], [-73.6778113, 5.9560916], [-73.678243, 5.956462], [-73.6784082, 5.9566352], [-73.6785172, 5.9568048], [-73.6787107, 5.9572175], [-73.678842, 5.9574006], [-73.6789968, 5.9575561], [-73.6793891, 5.9578965], [-73.6795552, 5.9580795], [-73.6797049, 5.9583283], [-73.6799527, 5.9589089], [-73.6800811, 5.9591469], [-73.6801622, 5.959258], [-73.6802632, 5.9593686], [-73.6807202, 5.9597704], [-73.6808953, 5.9599595], [-73.68098, 5.9600955], [-73.6810842, 5.9604175], [-73.6811451, 5.9605301], [-73.68119, 5.9605697], [-73.6812419, 5.9605895], [-73.6814417, 5.9605768], [-73.6815127, 5.9605903], [-73.6816025, 5.9606502], [-73.6816999, 5.960761], [-73.6818024, 5.960904], [-73.6818585, 5.9610227], [-73.6818985, 5.9611582], [-73.6819706, 5.9614882], [-73.6820225, 5.9616383], [-73.6821198, 5.961804], [-73.682253, 5.9619797], [-73.6824566, 5.9621931], [-73.6826953, 5.9623932], [-73.6829328, 5.9625533], [-73.6832697, 5.9627023], [-73.6833922, 5.9627706], [-73.6835547, 5.9629069], [-73.6837038, 5.9630731], [-73.6837187, 5.9632446], [-73.683749, 5.9634067], [-73.6837948, 5.9635592], [-73.6838559, 5.9637021], [-73.683993, 5.9639197], [-73.6842489, 5.9640541], [-73.6843991, 5.9641131], [-73.6846623, 5.9642864], [-73.684795, 5.9644115], [-73.6849034, 5.9645329], [-73.6849671, 5.9646193], [-73.6850598, 5.9647303], [-73.6851537, 5.9648211], [-73.6852314, 5.9649428], [-73.6852915, 5.9650438], [-73.685443, 5.965094], [-73.685531, 5.9651866], [-73.6856656, 5.965223], [-73.6857853, 5.9653146], [-73.685913, 5.9653808], [-73.6859733, 5.9654953], [-73.6860018, 5.9655937], [-73.6860591, 5.9656704], [-73.6861293, 5.9657705], [-73.6862091, 5.965938], [-73.6863361, 5.966251], [-73.6865045, 5.9666215], [-73.6866218, 5.9668492], [-73.6869837, 5.9674336], [-73.6871377, 5.9676989], [-73.6871395, 5.9678319], [-73.6871417, 5.9679369], [-73.6871446, 5.9680638], [-73.6871209, 5.9681589], [-73.6870013, 5.9682974], [-73.6869583, 5.9684354], [-73.6869187, 5.9685598], [-73.6868748, 5.9686384], [-73.6868394, 5.9687323], [-73.6868187, 5.968848], [-73.6867845, 5.9689471], [-73.6866853, 5.9690078], [-73.6864422, 5.9692349], [-73.6864376, 5.9694379], [-73.6864405, 5.9696881], [-73.6865216, 5.9699057], [-73.6866214, 5.9701557], [-73.6867169, 5.9704556], [-73.6868123, 5.9707309], [-73.6868913, 5.9710636], [-73.686847, 5.9715557], [-73.687083, 5.9721054], [-73.6871967, 5.9723165], [-73.6873372, 5.972539], [-73.687468, 5.9727635], [-73.6876474, 5.9730867], [-73.6879085, 5.9748651], [-73.6879789, 5.9750716], [-73.6899095, 5.9757836], [-73.6900532, 5.9758675], [-73.6903369, 5.9764161], [-73.6907552, 5.9768277], [-73.6916139, 5.9772534], [-73.6919617, 5.9774791], [-73.6928127, 5.9776368], [-73.6950165, 5.9772821], [-73.6958599, 5.9773594], [-73.6982744, 5.9773708], [-73.6995315, 5.977115], [-73.7009386, 5.9766906], [-73.7021275, 5.9766483], [-73.7025068, 5.9768749], [-73.7026964, 5.97688], [-73.7029653, 5.9766036], [-73.7031723, 5.9759173], [-73.7038941, 5.9744045], [-73.704571, 5.9739402], [-73.7048877, 5.9741877], [-73.7048366, 5.9748129], [-73.7044993, 5.9757179], [-73.7044588, 5.9760765], [-73.704511, 5.9764026], [-73.7047223, 5.9766478], [-73.7050534, 5.9768351], [-73.7051311, 5.9768359], [-73.7051916, 5.9774078], [-73.7055475, 5.9778908], [-73.7058539, 5.9780222], [-73.7063435, 5.97805], [-73.7067064, 5.9781603], [-73.7071031, 5.9788634], [-73.7073155, 5.9795955], [-73.707834, 5.9798702], [-73.7085527, 5.9797821], [-73.7094843, 5.9789085], [-73.7103829, 5.9787206], [-73.7120253, 5.9787488], [-73.7124848, 5.9788853], [-73.7137226, 5.9790557], [-73.7143162, 5.9793635], [-73.7150939, 5.9800296], [-73.7161711, 5.9804778], [-73.7164927, 5.9807534], [-73.7169335, 5.9809149], [-73.7172888, 5.9810823], [-73.7176401, 5.9813913], [-73.7180534, 5.9814947], [-73.7182576, 5.9815496], [-73.7186629, 5.9815796], [-73.7186641, 5.9818146], [-73.7186397, 5.9819933], [-73.7186234, 5.9821445], [-73.7184781, 5.9825657], [-73.718403, 5.9826373], [-73.7182075, 5.9827658], [-73.7179748, 5.9829792], [-73.7177835, 5.983274], [-73.7175885, 5.9835382], [-73.7175137, 5.9838723], [-73.7177515, 5.9841005], [-73.717733, 5.9842444], [-73.7176946, 5.9844951], [-73.71766, 5.9846329], [-73.717557, 5.9849491], [-73.7174411, 5.9852105], [-73.7173376, 5.9854764], [-73.7172375, 5.985815], [-73.7171918, 5.9860366], [-73.7171639, 5.9864087], [-73.7171659, 5.9867063], [-73.7172269, 5.9870137], [-73.7172924, 5.9872562], [-73.7173261, 5.9874459], [-73.7174958, 5.9876958], [-73.7176155, 5.9879275], [-73.7177615, 5.9880993], [-73.717888, 5.9882888], [-73.7180434, 5.9884706], [-73.7182125, 5.9886128], [-73.7183993, 5.9887379], [-73.7185905, 5.9888593], [-73.7187822, 5.9889412], [-73.7189478, 5.9890403], [-73.7191024, 5.9891501], [-73.719308, 5.9891274], [-73.7195381, 5.9891108], [-73.7196746, 5.9892594], [-73.7198027, 5.9893106], [-73.7198847, 5.9894189], [-73.720001, 5.9894937], [-73.7202216, 5.989599], [-73.7203745, 5.9896013], [-73.7205547, 5.9896048], [-73.7208302, 5.9896166], [-73.721043, 5.9895063], [-73.7212359, 5.9894975], [-73.7214722, 5.9896132], [-73.7216852, 5.9898675], [-73.7218251, 5.9900859], [-73.7220638, 5.9903037], [-73.7223591, 5.9904263], [-73.7226524, 5.990361], [-73.7228458, 5.9903386], [-73.7230242, 5.9901907], [-73.7231992, 5.9899587], [-73.7235102, 5.9898399], [-73.7237534, 5.9897118], [-73.7239632, 5.9896541], [-73.7241665, 5.9896898], [-73.7244709, 5.9897325], [-73.7247044, 5.9897889], [-73.7248912, 5.9898348], [-73.7251085, 5.9898844], [-73.7253002, 5.9899312], [-73.7254597, 5.9899585], [-73.7256659, 5.9900191], [-73.7258781, 5.9899873], [-73.7260283, 5.9900213], [-73.7261556, 5.9899937], [-73.7262916, 5.9899499], [-73.7264746, 5.9899637], [-73.7267595, 5.9899494], [-73.7269666, 5.990002], [-73.7271172, 5.9900574], [-73.7272865, 5.9900302], [-73.7274676, 5.9900976], [-73.7275456, 5.9903002], [-73.7275715, 5.9904414], [-73.7277622, 5.9907814], [-73.7278481, 5.9910166], [-73.7277303, 5.9913195], [-73.7277046, 5.9915288], [-73.7278584, 5.9915452], [-73.7280536, 5.991521], [-73.7282268, 5.9914222], [-73.7283976, 5.9912937], [-73.728531, 5.9911497], [-73.7286056, 5.9910008], [-73.728777, 5.9908684], [-73.728954, 5.990804], [-73.7291343, 5.9907615], [-73.7293874, 5.9907326], [-73.7295395, 5.9907605], [-73.729703, 5.9909948], [-73.7297757, 5.9912144], [-73.729847, 5.9914129], [-73.7299977, 5.9916096], [-73.7301875, 5.9917154], [-73.7303206, 5.9918156], [-73.7303519, 5.9919209], [-73.7304391, 5.9920314], [-73.7305968, 5.9921609], [-73.7310671, 5.9924822], [-73.7311481, 5.9925719], [-73.7311629, 5.992611], [-73.731161, 5.992647], [-73.7311284, 5.9926955], [-73.7310593, 5.9927421], [-73.7307286, 5.9928759], [-73.7306133, 5.9929353], [-73.7304493, 5.9930588], [-73.7302925, 5.9932024], [-73.7301471, 5.9933637], [-73.730026, 5.9935285], [-73.7299682, 5.9936397], [-73.7298538, 5.9939106], [-73.7297852, 5.9940294], [-73.7296518, 5.9941848], [-73.7294939, 5.9943258], [-73.7307057, 5.9951061], [-73.7336619, 5.9950917], [-73.7359787, 5.9955732], [-73.7360712, 5.9957123], [-73.7361731, 5.9958288], [-73.7362846, 5.9959229], [-73.7364044, 5.9959936], [-73.7364787, 5.9960146], [-73.7365684, 5.9960187], [-73.7367603, 5.9959879], [-73.7370667, 5.9961834], [-73.738263, 5.996607], [-73.739952, 5.9968899], [-73.7412891, 5.9970316], [-73.7426967, 5.9971029], [-73.7441746, 5.9972448], [-73.7457933, 5.9974571], [-73.74706, 5.9976693], [-73.7480452, 5.9980222], [-73.7491006, 5.9985161], [-73.7497337, 5.9990802], [-73.7503667, 5.9998556], [-73.7504417, 5.999963], [-73.7504167, 6.0001435], [-73.7504232, 6.000306], [-73.7504469, 6.0003829], [-73.7504845, 6.0004449], [-73.7506783, 6.0006054], [-73.7507336, 6.0006764], [-73.7507485, 6.0007502], [-73.750734, 6.0009369], [-73.750762, 6.0010205], [-73.750837, 6.0011126], [-73.7509084, 6.0011668], [-73.7509504, 6.001181], [-73.7511021, 6.0012257], [-73.7512922, 6.0012467], [-73.7520894, 6.0010115], [-73.7527467, 6.0008024], [-73.7538373, 6.0005932], [-73.754913, 6.0003841], [-73.7558691, 6.0002944], [-73.7567954, 6.0002048], [-73.7578804, 6.0002468], [-73.7579248, 5.999926], [-73.7579965, 5.9991788], [-73.7581145, 5.9969782], [-73.758115, 5.9965], [-73.7580984, 5.9961483], [-73.7579604, 5.9946229], [-73.7579492, 5.9942051], [-73.7579642, 5.9937634], [-73.7580465, 5.9930138], [-73.7584299, 5.9908947], [-73.7587605, 5.9887079], [-73.7589044, 5.9880266], [-73.759061, 5.9874748], [-73.7592414, 5.9869679], [-73.7598849, 5.9854645], [-73.7600464, 5.985049], [-73.7602074, 5.9845477], [-73.7603311, 5.9840154], [-73.7604033, 5.9835455], [-73.7604767, 5.9826064], [-73.7605033, 5.9815069], [-73.7604777, 5.9805], [-73.7604144, 5.9798585], [-73.7602994, 5.9792176], [-73.7601288, 5.9785671], [-73.7595682, 5.9768792], [-73.7593419, 5.9760894], [-73.7591896, 5.9753789], [-73.7589184, 5.9735835], [-73.7587836, 5.9728491], [-73.7586657, 5.9723424], [-73.75823, 5.9707521], [-73.757935, 5.9695473], [-73.7577561, 5.9688815], [-73.7574738, 5.9680298], [-73.7565953, 5.9657455], [-73.7562219, 5.9648185], [-73.7560203, 5.9643744], [-73.755797, 5.9639296], [-73.7547609, 5.9620718], [-73.754525, 5.9615857], [-73.7543071, 5.9610697], [-73.7539618, 5.9600854], [-73.7536996, 5.9591661], [-73.7535739, 5.9585172], [-73.7535423, 5.9581908], [-73.7535438, 5.9577614], [-73.7535843, 5.9574223], [-73.7536928, 5.9569784], [-73.7537816, 5.956729], [-73.7538996, 5.956461], [-73.7540456, 5.9561842], [-73.7542178, 5.9559044], [-73.7545548, 5.9554422], [-73.7557158, 5.954109], [-73.7560314, 5.9537091], [-73.7562936, 5.9533348], [-73.7566778, 5.9527033], [-73.7575971, 5.9509902], [-73.7579761, 5.9503334], [-73.758447, 5.9495749], [-73.7597036, 5.9476213], [-73.7608692, 5.9456288], [-73.7611441, 5.945182], [-73.7614216, 5.9447689], [-73.7616915, 5.9444081], [-73.7619414, 5.9441087], [-73.7622138, 5.9438154], [-73.7625453, 5.9434951], [-73.7629034, 5.9431809], [-73.7644525, 5.9419305], [-73.764994, 5.9414494], [-73.7653317, 5.9411193], [-73.7658076, 5.9405962], [-73.7660129, 5.9403421], [-73.7663639, 5.9398503], [-73.7666274, 5.9394135], [-73.7668682, 5.9389355], [-73.7670765, 5.9384213], [-73.7672435, 5.9378804], [-73.7672766, 5.9377287], [-73.7673566, 5.9373619], [-73.7674254, 5.9368451], [-73.7674488, 5.9364539]]]}}, {"type": "Feature", "properties": {"municipio": "Barbosa"}, "geometry": {"type": "Polygon", "coordinates": [[[-73.6634699, 5.9290361], [-73.6630953, 5.9273953], [-73.6618836, 5.9268358], [-73.6602582, 5.924907], [-73.6588138, 5.9247768], [-73.6564147, 5.9241463], [-73.6543426, 5.9242554], [-73.6534991, 5.9244433], [-73.6531191, 5.9247435], [-73.6520452, 5.9238441], [-73.6512018, 5.9232807], [-73.6501348, 5.9229038], [-73.6491524, 5.9227645], [-73.6486878, 5.9222247], [-73.6486282, 5.9214977], [-73.6479591, 5.9214051], [-73.6474831, 5.9209066], [-73.6463653, 5.9201975], [-73.6456444, 5.9207364], [-73.6446772, 5.9203619], [-73.6440363, 5.9198394], [-73.6436574, 5.9189406], [-73.6437959, 5.9180561], [-73.6435355, 5.9175521], [-73.642744, 5.9171642], [-73.6424687, 5.9168357], [-73.6417578, 5.9165203], [-73.6406275, 5.9164938], [-73.6400589, 5.9159709], [-73.6374133, 5.9124061], [-73.6370063, 5.9122994], [-73.6366025, 5.9122514], [-73.6361173, 5.9119923], [-73.6359055, 5.9112044], [-73.6344877, 5.9109513], [-73.6338745, 5.9109576], [-73.6333033, 5.91112], [-73.632886, 5.9114437], [-73.6326357, 5.9118177], [-73.6323902, 5.9124485], [-73.631142, 5.913579], [-73.6303883, 5.9141207], [-73.630155, 5.9142445], [-73.6301596, 5.9142753], [-73.6300937, 5.9143126], [-73.6297136, 5.9145005], [-73.6286206, 5.9149939], [-73.6283356, 5.9151264], [-73.6279823, 5.9153393], [-73.6274314, 5.9157085], [-73.6268786, 5.9161589], [-73.6266304, 5.9163914], [-73.6261316, 5.9169245], [-73.6258809, 5.9172298], [-73.6253767, 5.9179279], [-73.6248566, 5.9187723], [-73.6246182, 5.9192031], [-73.6244494, 5.9195168], [-73.6237059, 5.9209279], [-73.6232741, 5.9216396], [-73.6230224, 5.9221096], [-73.6226838, 5.9224055], [-73.622242, 5.9228502], [-73.6219502, 5.923096], [-73.6215513, 5.9233804], [-73.621327, 5.9235173], [-73.6209488, 5.9237155], [-73.6203156, 5.9239723], [-73.6195585, 5.9241997], [-73.6179364, 5.9246288], [-73.6161251, 5.9252182], [-73.615616, 5.9253414], [-73.6151463, 5.9254169], [-73.6146779, 5.9254614], [-73.6133583, 5.9254071], [-73.612672, 5.9256255], [-73.6122716, 5.9257134], [-73.6119223, 5.9258211], [-73.6116278, 5.9259414], [-73.6113894, 5.9260646], [-73.6110964, 5.9262634], [-73.6110455, 5.9262979], [-73.6107303, 5.9265946], [-73.6104741, 5.9269129], [-73.6097224, 5.9280867], [-73.6092865, 5.9286737], [-73.6088681, 5.9291503], [-73.607791, 5.9302807], [-73.6072074, 5.9309657], [-73.6061965, 5.9323184], [-73.605906, 5.9326955], [-73.6051316, 5.9336867], [-73.6046523, 5.9343468], [-73.6043342, 5.9348261], [-73.6040346, 5.9353193], [-73.6037587, 5.93582], [-73.6033588, 5.9366537], [-73.6030382, 5.9374453], [-73.6023704, 5.9393708], [-73.6020878, 5.9401036], [-73.6017542, 5.9408554], [-73.6007393, 5.9428795], [-73.600374, 5.9436567], [-73.599921, 5.9447205], [-73.5992409, 5.9463924], [-73.598809, 5.9473545], [-73.5983622, 5.9482413], [-73.5973175, 5.9501707], [-73.5969418, 5.9509227], [-73.5965698, 5.9517465], [-73.5960751, 5.9529136], [-73.5957975, 5.9535328], [-73.5955649, 5.9540305], [-73.595119, 5.9548446], [-73.5941582, 5.9564203], [-73.5939263, 5.956854], [-73.5937631, 5.9571952], [-73.5934956, 5.9578437], [-73.5933112, 5.9583684], [-73.5928173, 5.9599789], [-73.5927242, 5.9602823], [-73.5924069, 5.9612138], [-73.5920755, 5.9620678], [-73.5913025, 5.9639373], [-73.5910744, 5.9645529], [-73.5908299, 5.9653368], [-73.5906959, 5.9658848], [-73.5906139, 5.9663088], [-73.5905497, 5.9667369], [-73.5905008, 5.9671957], [-73.5904701, 5.9676799], [-73.5904596, 5.968207], [-73.5904745, 5.9688139], [-73.5905168, 5.9694277], [-73.5905756, 5.9699764], [-73.5906614, 5.9705879], [-73.5907655, 5.9712087], [-73.5911732, 5.9733793], [-73.5913347, 5.9743859], [-73.5913925, 5.9748564], [-73.5914706, 5.9755042], [-73.5915349, 5.9763164], [-73.591566, 5.9770663], [-73.5915643, 5.9779578], [-73.591523, 5.9787851], [-73.5914486, 5.9795588], [-73.5913481, 5.9802859], [-73.5912218, 5.9810096], [-73.5909686, 5.9822943], [-73.5908142, 5.9831855], [-73.590728, 5.9838521], [-73.5905709, 5.9854304], [-73.5904525, 5.9860934], [-73.5903148, 5.9865729], [-73.5901335, 5.9870287], [-73.5899078, 5.9874825], [-73.5891912, 5.988735], [-73.5889796, 5.9891509], [-73.5887604, 5.9896794], [-73.5886021, 5.9901946], [-73.5884416, 5.9909323], [-73.588163, 5.9924061], [-73.5877196, 5.9941199], [-73.5875912, 5.9946763], [-73.587503, 5.9951375], [-73.5873047, 5.9963583], [-73.5871758, 5.9970133], [-73.586926, 5.9979936], [-73.5872332, 5.9981676], [-73.5875275, 5.9982359], [-73.5875601, 5.9982359], [-73.5879142, 5.998362], [-73.5881774, 5.9984702], [-73.5882447, 5.9984651], [-73.5891579, 5.9984006], [-73.5896144, 5.9984336], [-73.5900382, 5.998532], [-73.5904948, 5.9985324], [-73.5913426, 5.9985984], [-73.5921905, 5.9985992], [-73.592647, 5.9985669], [-73.593071, 5.9985347], [-73.5935276, 5.9984698], [-73.5939191, 5.9983069], [-73.5943105, 5.9981766], [-73.5946694, 5.9979811], [-73.595126, 5.9978835], [-73.5959739, 5.9978843], [-73.5968216, 5.9980156], [-73.5972128, 5.9981465], [-73.5976367, 5.9982122], [-73.5980606, 5.9982126], [-73.5984846, 5.9981803], [-73.5989412, 5.9980827], [-73.5997891, 5.9980835], [-73.6002457, 5.9980512], [-73.6006697, 5.9979537], [-73.6015178, 5.9976932], [-73.6019418, 5.9975956], [-73.6023984, 5.9974654], [-73.6028551, 5.9973679], [-73.6037682, 5.9973034], [-73.6046162, 5.9971735], [-73.6053991, 5.9968477], [-73.605758, 5.9966195], [-73.6060518, 5.9963259], [-73.6063129, 5.9959997], [-73.606374, 5.9959037], [-73.6064184, 5.9958843], [-73.6064948, 5.9958245], [-73.6065799, 5.9957366], [-73.6067143, 5.995577], [-73.606792, 5.9954618], [-73.6068951, 5.9952553], [-73.6070958, 5.9947566], [-73.6072145, 5.9945413], [-73.6074684, 5.9942168], [-73.6077316, 5.9939435], [-73.6079077, 5.993794], [-73.6080841, 5.9936703], [-73.6084991, 5.9934756], [-73.6086395, 5.9933903], [-73.6087658, 5.993274], [-73.6090406, 5.9929593], [-73.6092044, 5.9928329], [-73.6093837, 5.9927388], [-73.6095757, 5.9926652], [-73.6097802, 5.992612], [-73.6099972, 5.9925791], [-73.6101157, 5.9928055], [-73.610244, 5.993008], [-73.6103823, 5.9931866], [-73.6105305, 5.9933412], [-73.6106881, 5.9934716], [-73.6108556, 5.9935781], [-73.6110306, 5.99366], [-73.6112245, 5.9937223], [-73.6114599, 5.9937708], [-73.6116883, 5.9937909], [-73.6118948, 5.9937815], [-73.6120737, 5.9937429], [-73.6122145, 5.9936801], [-73.6123654, 5.9935715], [-73.612498, 5.9934367], [-73.6126184, 5.9932721], [-73.6128943, 5.9930093], [-73.6132188, 5.9929239], [-73.6136374, 5.9928171], [-73.6142555, 5.9927932], [-73.6149575, 5.99279], [-73.6158796, 5.9928067], [-73.6165607, 5.9928035], [-73.6170112, 5.9927804], [-73.6174302, 5.992768], [-73.6180894, 5.9925761], [-73.6185184, 5.9924378], [-73.6189582, 5.9923833], [-73.6195804, 5.9923763], [-73.6204941, 5.9919442], [-73.6213474, 5.9916346], [-73.6237214, 5.9901567], [-73.6244511, 5.9895421], [-73.6253032, 5.9889881], [-73.6262152, 5.9881893], [-73.6270673, 5.9876353], [-73.6279819, 5.9873865], [-73.628773, 5.9868328], [-73.6294416, 5.9862185], [-73.6300484, 5.9854211], [-73.6307776, 5.9846843], [-73.6319922, 5.983334], [-73.6327827, 5.982658], [-73.63339, 5.9819828], [-73.6340584, 5.9813074], [-73.6347878, 5.9806317], [-73.635578, 5.9798946], [-73.6364307, 5.9794628], [-73.6374645, 5.9786023], [-73.6397759, 5.9768191], [-73.6435405, 5.9724621], [-73.6460832, 5.9684161], [-73.6480507, 5.9640693], [-73.6481647, 5.9626198], [-73.648716, 5.9616983], [-73.6488912, 5.9602977], [-73.6494632, 5.9596606], [-73.6499092, 5.9587649], [-73.6507836, 5.955699], [-73.6524407, 5.9530411], [-73.652309, 5.9509258], [-73.6539964, 5.9495827], [-73.6568343, 5.9437073], [-73.6574678, 5.9420747], [-73.6583538, 5.9413847], [-73.6593816, 5.9383282], [-73.6611807, 5.9367439], [-73.6621385, 5.9346397], [-73.6625526, 5.9331771], [-73.6632689, 5.9322494], [-73.6633358, 5.9303555], [-73.6634699, 5.9290361]]]}}, {"type": "Feature", "properties": {"municipio": "Puente Nacional"}, "geometry": {"type": "Polygon", "coordinates": [[[-73.7754508, 5.7556521], [-73.7746149, 5.7562491], [-73.7729743, 5.7577894], [-73.7705705, 5.759746], [-73.7699856, 5.7605151], [-73.7692828, 5.7612258], [-73.7684014, 5.7615247], [-73.7664629, 5.7623001], [-73.7658777, 5.7630103], [-73.7654696, 5.7638374], [-73.7642359, 5.7643148], [-73.7632973, 5.7649677], [-73.7625941, 5.7656194], [-73.7619512, 5.7665656], [-73.7603697, 5.7681646], [-73.759667, 5.7689343], [-73.7580833, 5.7700617], [-73.7571438, 5.7705377], [-73.7553227, 5.7712537], [-73.7532628, 5.7712634], [-73.752322, 5.7714446], [-73.7514403, 5.7716846], [-73.7503826, 5.7720432], [-73.7493243, 5.772284], [-73.7483827, 5.7722884], [-73.7474987, 5.7720568], [-73.7466723, 5.7715301], [-73.7457301, 5.7714166], [-73.7449037, 5.77089], [-73.7441388, 5.7709525], [-73.7434356, 5.7716043], [-73.7430861, 5.7723722], [-73.7423842, 5.7733187], [-73.7407407, 5.7743248], [-73.7406329, 5.7743247], [-73.7403081, 5.774278], [-73.7392414, 5.7734874], [-73.7384531, 5.7727899], [-73.7372007, 5.772278], [-73.7355305, 5.7720911], [-73.7344637, 5.7714399], [-73.7342319, 5.7712074], [-73.7340465, 5.7709284], [-73.7337682, 5.7707424], [-73.7326086, 5.7702305], [-73.7312632, 5.7700438], [-73.7299176, 5.7701359], [-73.729268, 5.7702285], [-73.7276452, 5.7702675], [-73.7266902, 5.7705642], [-73.7253468, 5.7713683], [-73.7242187, 5.7718729], [-73.7232346, 5.772206], [-73.720492, 5.7728929], [-73.7196596, 5.7732821], [-73.7192024, 5.7736191], [-73.7185744, 5.7742862], [-73.7182005, 5.7748375], [-73.7179023, 5.775396], [-73.7163889, 5.7792572], [-73.715415, 5.7810662], [-73.7147951, 5.7799751], [-73.7141091, 5.7793563], [-73.7135464, 5.7785504], [-73.7130456, 5.7776819], [-73.7121107, 5.7769399], [-73.7108623, 5.7755773], [-73.7107295, 5.773712], [-73.7106004, 5.7726552], [-73.7100378, 5.7718492], [-73.7087271, 5.7704247], [-73.7080411, 5.7698059], [-73.7071074, 5.7693127], [-73.7053625, 5.7680145], [-73.70449, 5.7673344], [-73.7038035, 5.7665912], [-73.7032403, 5.7656608], [-73.7027355, 5.7639216], [-73.7027269, 5.7620557], [-73.7026605, 5.761123], [-73.7020982, 5.7603792], [-73.7005383, 5.7587692], [-73.6997279, 5.7580887], [-73.6991656, 5.757345], [-73.6984796, 5.7567261], [-73.6978555, 5.7560448], [-73.6959914, 5.7558046], [-73.6949979, 5.7558091], [-73.693755, 5.7556282], [-73.6924481, 5.7550122], [-73.6907034, 5.7537141], [-73.6897092, 5.7535942], [-73.6869148, 5.753607], [-73.685858, 5.753363], [-73.6841765, 5.7523133], [-73.6831168, 5.7514474], [-73.6821828, 5.7508919], [-73.681187, 5.7503988], [-73.6800048, 5.7499066], [-73.6788233, 5.7495388], [-73.6777052, 5.7494817], [-73.6767737, 5.7494859], [-73.6758417, 5.7493658], [-73.6745977, 5.748936], [-73.6738497, 5.7483174], [-73.6730362, 5.7469527], [-73.6728457, 5.7460206], [-73.6724071, 5.7451518], [-73.6722786, 5.7442194], [-73.6710299, 5.7427322], [-73.6705289, 5.7418015], [-73.6698368, 5.7398142], [-73.6697699, 5.7387571], [-73.6697609, 5.7367668], [-73.6690085, 5.735153], [-73.668134, 5.7340373], [-73.6676336, 5.733231], [-73.6670073, 5.732052], [-73.6668165, 5.7310577], [-73.6649057, 5.7273224], [-73.664312, 5.7264978], [-73.6636009, 5.725792], [-73.6622952, 5.7240251], [-73.6608714, 5.7222588], [-73.6599233, 5.7213177], [-73.6589768, 5.720731], [-73.6582662, 5.7201433], [-73.6577906, 5.7193182], [-73.6570784, 5.7183759], [-73.6566012, 5.7171962], [-73.6608071, 5.7131893], [-73.6565832, 5.7131781], [-73.6559901, 5.7124717], [-73.6550441, 5.7120032], [-73.6523696, 5.7120152], [-73.6479652, 5.712035], [-73.6469039, 5.7121579], [-73.6461986, 5.712752], [-73.6454949, 5.7137006], [-73.6449082, 5.7144123], [-73.644204, 5.7152427], [-73.6438542, 5.7161897], [-73.643505, 5.717255], [-73.6430367, 5.7180843], [-73.642569, 5.7190319], [-73.6424563, 5.7202142], [-73.6421066, 5.7211613], [-73.6412838, 5.721874], [-73.6405785, 5.7224681], [-73.6399918, 5.7231798], [-73.6395246, 5.7242456], [-73.6391748, 5.7251926], [-73.6391922, 5.7290926], [-73.638489, 5.7301594], [-73.6380213, 5.7311069], [-73.637553, 5.7319363], [-73.6373213, 5.7328828], [-73.6372075, 5.7338288], [-73.6369763, 5.7348935], [-73.6366265, 5.7358405], [-73.6360397, 5.7365522], [-73.6325132, 5.7395226], [-73.631927, 5.7403525], [-73.6313402, 5.7410643], [-73.6308724, 5.7420118], [-73.630885, 5.7448482], [-73.6310073, 5.7457931], [-73.6310157, 5.747684], [-73.6305474, 5.7485134], [-73.6304336, 5.7494594], [-73.6299659, 5.750407], [-73.6299917, 5.7561979], [-73.6298899, 5.7577296], [-73.6297754, 5.7586407], [-73.629305, 5.7595138], [-73.6288749, 5.7605846], [-73.6284437, 5.7613783], [-73.6281714, 5.7623693], [-73.627425, 5.763402], [-73.6271127, 5.7642743], [-73.6266426, 5.7652266], [-73.6262913, 5.7662179], [-73.6260979, 5.7671689], [-73.6260625, 5.7680796], [-73.6257503, 5.7689916], [-73.6256753, 5.7699025], [-73.6256401, 5.7708528], [-73.6256441, 5.7717633], [-73.6256877, 5.7726737], [-73.6256918, 5.7735842], [-73.6258148, 5.7745734], [-73.6258981, 5.7755232], [-73.6260209, 5.7764728], [-73.6260645, 5.7773832], [-73.6260949, 5.7777158], [-73.6261477, 5.7782934], [-73.6263494, 5.779203], [-73.6266307, 5.7802311], [-73.6268324, 5.7811407], [-73.6272314, 5.7819822], [-73.627473, 5.7829709], [-73.6277931, 5.7838404], [-73.6281528, 5.7847098], [-73.6282359, 5.7856199], [-73.6285171, 5.7866084], [-73.6287977, 5.7874781], [-73.6289601, 5.7884275], [-73.6291223, 5.7893374], [-73.6295608, 5.7901668], [-73.6297235, 5.7911954], [-73.6292137, 5.7921082], [-73.628546, 5.7930614], [-73.6281148, 5.7938551], [-73.6279608, 5.7947664], [-73.6275692, 5.7955995], [-73.6271011, 5.7969873], [-73.6264738, 5.7981382], [-73.6258853, 5.7991306], [-73.6257316, 5.800121], [-73.625741, 5.8022192], [-73.6253098, 5.8030129], [-73.62472, 5.8037282], [-73.6243695, 5.8048858], [-73.6243743, 5.8059547], [-73.62426, 5.8069054], [-73.6241894, 5.808806], [-73.6241942, 5.8098749], [-73.623962, 5.8109844], [-73.62361, 5.8118174], [-73.6232979, 5.8127294], [-73.6231439, 5.8136406], [-73.6229503, 5.8145521], [-73.6227963, 5.8154633], [-73.6221675, 5.8162975], [-73.6215381, 5.8169734], [-73.62087, 5.8178474], [-73.6204784, 5.8186806], [-73.6199328, 5.820425], [-73.6199457, 5.8232754], [-73.6199102, 5.8241861], [-73.6195993, 5.8253752], [-73.6191689, 5.8263669], [-73.6188571, 5.827358], [-73.6183092, 5.8285878], [-73.6178397, 5.8296588], [-73.6172914, 5.8308173], [-73.6163094, 5.8322074], [-73.6152069, 5.8332021], [-73.614109, 5.8351866], [-73.6124267, 5.8391136], [-73.6104647, 5.8423688], [-73.6095245, 5.8442733], [-73.6087401, 5.8456625], [-73.607449, 5.8486772], [-73.6067467, 5.8507391], [-73.6062069, 5.8537899], [-73.6055044, 5.8558122], [-73.6046445, 5.8579935], [-73.6038595, 5.859264], [-73.6026132, 5.8634503], [-73.6012824, 5.8664216], [-73.6005758, 5.8675333], [-73.5999074, 5.8683678], [-73.599912, 5.8693971], [-73.6007473, 5.8705018], [-73.6020211, 5.872436], [-73.6026207, 5.8738981], [-73.6033375, 5.875043], [-73.6040937, 5.8761481], [-73.6056413, 5.877408], [-73.6070305, 5.878629], [-73.6075498, 5.8798144], [-73.6081917, 5.8818701], [-73.6097864, 5.8847926], [-73.61249, 5.8881454], [-73.6138804, 5.8896039], [-73.6144366, 5.8901952], [-73.6159814, 5.8908216], [-73.6181194, 5.8914849], [-73.6199801, 5.8920307], [-73.6230277, 5.892769], [-73.6247281, 5.8928404], [-73.6261124, 5.8929528], [-73.6279368, 5.8942113], [-73.6292859, 5.8952741], [-73.6305573, 5.8966538], [-73.6316306, 5.8979158], [-73.631446, 5.9007671], [-73.6309097, 5.9045305], [-73.6306377, 5.9055611], [-73.6303266, 5.9067106], [-73.6296633, 5.9086416], [-73.6296759, 5.9113733], [-73.6297986, 5.9122832], [-73.6300005, 5.9131929], [-73.630155, 5.9142445], [-73.6303883, 5.9141207], [-73.631142, 5.913579], [-73.6323902, 5.9124485], [-73.6326357, 5.9118177], [-73.632886, 5.9114437], [-73.6333033, 5.91112], [-73.6338745, 5.9109576], [-73.6344877, 5.9109513], [-73.6359055, 5.9112044], [-73.6361173, 5.9119923], [-73.6366025, 5.9122514], [-73.6370063, 5.9122994], [-73.6374133, 5.9124061], [-73.6400589, 5.9159709], [-73.6406275, 5.9164938], [-73.6417578, 5.9165203], [-73.6424687, 5.9168357], [-73.642744, 5.9171642], [-73.6435355, 5.9175521], [-73.6437959, 5.9180561], [-73.6436574, 5.9189406], [-73.6440363, 5.9198394], [-73.6446772, 5.9203619], [-73.6456444, 5.9207364], [-73.6463653, 5.9201975], [-73.6474831, 5.9209066], [-73.6479591, 5.9214051], [-73.6486282, 5.9214977], [-73.6486878, 5.9222247], [-73.6491524, 5.9227645], [-73.6501348, 5.9229038], [-73.6512018, 5.9232807], [-73.6520452, 5.9238441], [-73.6531191, 5.9247435], [-73.6534991, 5.9244433], [-73.6543426, 5.9242554], [-73.6564147, 5.9241463], [-73.6588138, 5.9247768], [-73.6602582, 5.924907], [-73.6618836, 5.9268358], [-73.6630953, 5.9273953], [-73.666834, 5.929151], [-73.6671711, 5.9293526], [-73.6673455, 5.9294014], [-73.6674912, 5.9294214], [-73.6676082, 5.9294127], [-73.6676966, 5.9293752], [-73.6677378, 5.9293324], [-73.6677513, 5.9292675], [-73.667706, 5.9289597], [-73.6677079, 5.9288475], [-73.6677479, 5.9287588], [-73.6678359, 5.9286577], [-73.6680109, 5.9285161], [-73.6681206, 5.9284579], [-73.6682605, 5.9284159], [-73.66861, 5.9283464], [-73.6687685, 5.9282863], [-73.6688746, 5.9282088], [-73.6690975, 5.9279775], [-73.6691787, 5.9279233], [-73.6692691, 5.9278833], [-73.6694356, 5.9278481], [-73.669634, 5.9278477], [-73.669856, 5.9278779], [-73.670524, 5.9280091], [-73.6707262, 5.9280233], [-73.6708996, 5.9280097], [-73.6710052, 5.9279843], [-73.6711151, 5.9279413], [-73.6714917, 5.927743], [-73.6716325, 5.9276801], [-73.6721348, 5.9275514], [-73.6723052, 5.9274887], [-73.6724318, 5.9274094], [-73.6726343, 5.9271902], [-73.6726878, 5.9271486], [-73.67274, 5.9271244], [-73.6728188, 5.92711], [-73.6729156, 5.9271127], [-73.6733432, 5.9271879], [-73.6734266, 5.9271843], [-73.6734928, 5.9271635], [-73.6735523, 5.9271167], [-73.6736032, 5.927041], [-73.6737195, 5.9267342], [-73.673768, 5.926635], [-73.6739282, 5.9264452], [-73.6741302, 5.926278], [-73.6745929, 5.9260612], [-73.6747631, 5.9259492], [-73.6749318, 5.92582], [-73.6751135, 5.9256577], [-73.6752839, 5.9254797], [-73.6754429, 5.9252858], [-73.6755905, 5.9250762], [-73.6758973, 5.924727], [-73.6763792, 5.9240285], [-73.6768129, 5.923395], [-73.6773758, 5.9227446], [-73.6776334, 5.9225005], [-73.6780354, 5.9220129], [-73.6785016, 5.9214278], [-73.6787741, 5.9209084], [-73.6791114, 5.9204048], [-73.6794574, 5.9199674], [-73.679734, 5.9199048], [-73.6799819, 5.9197986], [-73.6801722, 5.9196716], [-73.6803697, 5.9194632], [-73.6804565, 5.9193919], [-73.6805718, 5.9193296], [-73.6808626, 5.919209], [-73.6809917, 5.9191269], [-73.681173, 5.9189568], [-73.6813228, 5.9187643], [-73.6814412, 5.9185491], [-73.6815281, 5.9183111], [-73.6817366, 5.9182373], [-73.681928, 5.9181395], [-73.6821062, 5.9180137], [-73.6822986, 5.9178103], [-73.6823825, 5.9177402], [-73.6824947, 5.9176809], [-73.6827868, 5.9175661], [-73.6829105, 5.9174811], [-73.6829691, 5.9174021], [-73.6830136, 5.9172979], [-73.6831065, 5.9168493], [-73.6831705, 5.9166787], [-73.683276, 5.9165225], [-73.6833972, 5.916375], [-73.6835212, 5.9162522], [-73.6836455, 5.9161559], [-73.6837618, 5.9160904], [-73.683897, 5.9160382], [-73.6840367, 5.9160049], [-73.6841837, 5.9159894], [-73.6843372, 5.9159916], [-73.6844979, 5.9160112], [-73.6846658, 5.9160484], [-73.6848409, 5.9161031], [-73.6853932, 5.9155509], [-73.6855277, 5.9153994], [-73.6856768, 5.915269], [-73.6857914, 5.915201], [-73.6860728, 5.915085], [-73.6861894, 5.9150219], [-73.686279, 5.9149478], [-73.6864528, 5.9147614], [-73.6865303, 5.9146992], [-73.6866468, 5.9146363], [-73.6869241, 5.9145223], [-73.6870333, 5.914459], [-73.6871161, 5.9143878], [-73.6873232, 5.9141729], [-73.6876081, 5.9139616], [-73.6877968, 5.9138527], [-73.6879967, 5.9137593], [-73.6882078, 5.9136814], [-73.6884299, 5.9136189], [-73.6898096, 5.9136199], [-73.6900661, 5.913478], [-73.6902791, 5.9133179], [-73.6903516, 5.9129042], [-73.6906626, 5.9125028], [-73.6906289, 5.9121285], [-73.6907155, 5.9117472], [-73.6911377, 5.9113192], [-73.6917563, 5.9110191], [-73.6920042, 5.9107868], [-73.6926062, 5.910465], [-73.6930496, 5.9102064], [-73.6933201, 5.9099617], [-73.6934468, 5.9098516], [-73.6935653, 5.9096904], [-73.6936756, 5.9094781], [-73.6935596, 5.9090622], [-73.6934981, 5.908669], [-73.6934912, 5.9082985], [-73.6935083, 5.9081217], [-73.6935389, 5.9079506], [-73.6935866, 5.9077745], [-73.6936497, 5.9076049], [-73.6937037, 5.9074937], [-73.6937752, 5.9073958], [-73.6939788, 5.9072085], [-73.6944182, 5.9068991], [-73.6945692, 5.90678], [-73.6946923, 5.9066514], [-73.6947622, 5.9065274], [-73.694779, 5.9064611], [-73.6947813, 5.9063972], [-73.6947404, 5.9062565], [-73.6946489, 5.9061038], [-73.6944049, 5.9057856], [-73.6943129, 5.9056486], [-73.694247, 5.9055071], [-73.6942261, 5.9053817], [-73.6942396, 5.9052881], [-73.694276, 5.9051737], [-73.6944024, 5.9049293], [-73.6945762, 5.9046983], [-73.6947827, 5.9045054], [-73.6957691, 5.9050254], [-73.6964879, 5.90556], [-73.6975657, 5.9062722], [-73.6986441, 5.9071039], [-73.7003802, 5.9081716], [-73.7014575, 5.9087642], [-73.7030711, 5.909175], [-73.7062384, 5.909937], [-73.7079118, 5.9103475], [-73.7093444, 5.9103407], [-73.7095829, 5.9102798], [-73.7105962, 5.9099762], [-73.7112497, 5.9093156], [-73.7122594, 5.9082349], [-73.7134529, 5.9081695], [-73.71429, 5.9084644], [-73.7148326, 5.9095974], [-73.7150767, 5.9107319], [-73.7157978, 5.9117446], [-73.7168745, 5.9122177], [-73.7192022, 5.9121468], [-73.7204498, 5.9108857], [-73.7217581, 5.9098634], [-73.722234, 5.9095025], [-73.7230054, 5.9085425], [-73.7231214, 5.9078247], [-73.7235966, 5.9073442], [-73.7237726, 5.9066859], [-73.7237692, 5.9059687], [-73.7243618, 5.9050693], [-73.7254357, 5.9049446], [-73.7269876, 5.9049372], [-73.7285424, 5.9055275], [-73.7297993, 5.9062388], [-73.7310556, 5.9068305], [-73.7321906, 5.9070044], [-73.7363092, 5.9069847], [-73.7373242, 5.9070396], [-73.7380595, 5.9070035], [-73.7380666, 5.906954], [-73.738183, 5.9066825], [-73.7385324, 5.9057514], [-73.7386876, 5.905441], [-73.7388815, 5.9051307], [-73.7390367, 5.9048592], [-73.7392306, 5.9045877], [-73.7396184, 5.9041999], [-73.7397348, 5.9038896], [-73.7397498, 5.9038695], [-73.7397462, 5.9038093], [-73.7397665, 5.9036851], [-73.739827, 5.9035523], [-73.7399131, 5.903436], [-73.7400326, 5.9033179], [-73.7405715, 5.9029125], [-73.7407725, 5.9027247], [-73.7408948, 5.9025494], [-73.7410588, 5.9021921], [-73.7411351, 5.9020575], [-73.7413002, 5.9018465], [-73.7414937, 5.9016533], [-73.7417459, 5.9014635], [-73.7420983, 5.9013079], [-73.7422166, 5.9012414], [-73.7423021, 5.9011699], [-73.7424833, 5.900976], [-73.7425974, 5.9008959], [-73.7427798, 5.9008235], [-73.7431532, 5.9007354], [-73.743298, 5.9006902], [-73.74346, 5.9006109], [-73.7436208, 5.9005021], [-73.7437992, 5.9003447], [-73.7439821, 5.9001437], [-73.7445432, 5.8993933], [-73.7447641, 5.8991298], [-73.7450063, 5.8989054], [-73.7451285, 5.8988193], [-73.7452533, 5.8987493], [-73.7454707, 5.8986613], [-73.7459428, 5.8985191], [-73.7461406, 5.8984472], [-73.7463633, 5.8983399], [-73.7469618, 5.8980085], [-73.7471544, 5.8979276], [-73.747317, 5.8978828], [-73.7475198, 5.8978647], [-73.747757, 5.8978795], [-73.7485079, 5.8978626], [-73.749119, 5.8978921], [-73.749647, 5.8976771], [-73.7497427, 5.8976012], [-73.7498595, 5.8975386], [-73.7501465, 5.8974167], [-73.7502704, 5.8973417], [-73.7503808, 5.8972294], [-73.7506176, 5.8969161], [-73.750684, 5.896854], [-73.751139, 5.896376], [-73.7519064, 5.8954238], [-73.7522292, 5.8948714], [-73.7518949, 5.8942614], [-73.7515801, 5.8936207], [-73.7507859, 5.8918763], [-73.7505436, 5.8913765], [-73.7501726, 5.8906796], [-73.7496844, 5.8898814], [-73.7494174, 5.8894925], [-73.7488886, 5.8888029], [-73.74834, 5.8881808], [-73.7480661, 5.8878997], [-73.7475192, 5.887388], [-73.7467207, 5.8867359], [-73.7462144, 5.8863654], [-73.7449927, 5.885513], [-73.7446657, 5.885258], [-73.7442708, 5.8848947], [-73.7440844, 5.8846864], [-73.7439286, 5.8844833], [-73.7436672, 5.8840534], [-73.7434778, 5.8836405], [-73.7432913, 5.8831251], [-73.742989, 5.8821519], [-73.7427847, 5.8815679], [-73.7425385, 5.8809985], [-73.7421002, 5.8801284], [-73.74189, 5.879623], [-73.741815, 5.8792955], [-73.7418043, 5.8791379], [-73.7418191, 5.8789401], [-73.7418508, 5.8787996], [-73.7419036, 5.8786567], [-73.7419686, 5.878533], [-73.7421065, 5.8783492], [-73.7422601, 5.8782059], [-73.7424029, 5.8781032], [-73.7425749, 5.8780018], [-73.7434144, 5.8776053], [-73.7436779, 5.8774675], [-73.7441027, 5.8771988], [-73.7443326, 5.8770206], [-73.7445598, 5.8768131], [-73.7447733, 5.8765788], [-73.7449582, 5.8763301], [-73.7451061, 5.8760815], [-73.7452591, 5.8757329], [-73.7453396, 5.8754613], [-73.745383, 5.8752419], [-73.7454132, 5.8749796], [-73.7454238, 5.8746928], [-73.7454118, 5.8743412], [-73.7453758, 5.873951], [-73.7452208, 5.8727929], [-73.7451642, 5.8721459], [-73.7451677, 5.8715486], [-73.7452215, 5.8710814], [-73.7453356, 5.8705793], [-73.7454277, 5.8702891], [-73.7455253, 5.870033], [-73.7454268, 5.8700864], [-73.7451455, 5.8702024], [-73.7451196, 5.8702177], [-73.7448369, 5.8704676], [-73.7445967, 5.8702273], [-73.7439194, 5.8703894], [-73.7437069, 5.8704043], [-73.743256, 5.8704359], [-73.7424337, 5.8704399], [-73.7416982, 5.8705012], [-73.7414396, 5.8707335], [-73.7413115, 5.8710953], [-73.74127, 5.8714856], [-73.7410407, 5.8718045], [-73.7407088, 5.8717917], [-73.7401735, 5.8714619], [-73.7396962, 5.8712186], [-73.7392922, 5.8712061], [-73.7391203, 5.8714525], [-73.7392096, 5.8720444], [-73.739328, 5.8726651], [-73.7395616, 5.8732563], [-73.7395926, 5.8736896], [-73.7394929, 5.8739645], [-73.7392055, 5.8742115], [-73.7387588, 5.8743148], [-73.7382969, 5.8742736], [-73.7379342, 5.8738564], [-73.7377294, 5.873265], [-73.7375832, 5.8728612], [-73.7372487, 5.8722849], [-73.7369156, 5.8720264], [-73.7364677, 5.8718841], [-73.7361937, 5.8718998], [-73.7358909, 5.8719446], [-73.7357263, 5.8718334], [-73.7356292, 5.8717679], [-73.7356389, 5.8717143], [-73.7356868, 5.8715409], [-73.7357487, 5.8713806], [-73.7358235, 5.8712359], [-73.7359375, 5.8710759], [-73.7361357, 5.8708881], [-73.7362048, 5.8708084], [-73.7362696, 5.8706964], [-73.7363814, 5.8704244], [-73.7364412, 5.8703113], [-73.7365144, 5.8702203], [-73.7367315, 5.8700131], [-73.7367823, 5.8699387], [-73.7368194, 5.8698551], [-73.7368502, 5.8697061], [-73.7368498, 5.8695276], [-73.7368242, 5.869338], [-73.7367212, 5.8688019], [-73.7367068, 5.8686436], [-73.7367104, 5.8685065], [-73.7367273, 5.8684035], [-73.7367568, 5.8683112], [-73.7369828, 5.8679357], [-73.7370157, 5.867846], [-73.7370224, 5.8677639], [-73.7369984, 5.867637], [-73.7369401, 5.8674973], [-73.7368516, 5.8673549], [-73.7367451, 5.8672297], [-73.7366211, 5.8671459], [-73.7363339, 5.8670335], [-73.7362236, 5.8669755], [-73.7360538, 5.8668322], [-73.7359225, 5.8666824], [-73.7358488, 5.8665523], [-73.7357989, 5.8663992], [-73.7357731, 5.8662236], [-73.7357714, 5.8660267], [-73.7358176, 5.8656784], [-73.7359212, 5.8652963], [-73.7359762, 5.8651806], [-73.7361504, 5.8649075], [-73.7361822, 5.8648331], [-73.7361962, 5.8647656], [-73.7361906, 5.8646954], [-73.736159, 5.8646167], [-73.7359412, 5.8642873], [-73.7359217, 5.8642176], [-73.7359288, 5.8641539], [-73.73596, 5.8640908], [-73.7360161, 5.8640259], [-73.7363684, 5.8637568], [-73.7364391, 5.8636865], [-73.7364897, 5.8636143], [-73.7365862, 5.863433], [-73.7366617, 5.8632387], [-73.7367164, 5.8630315], [-73.7367501, 5.8628112], [-73.7369765, 5.8625366], [-73.7372354, 5.8623072], [-73.7372402, 5.8623041], [-73.7373055, 5.8621623], [-73.7378193, 5.861882], [-73.7383798, 5.8615083], [-73.7389871, 5.8610177], [-73.7394776, 5.8605972], [-73.7397814, 5.8602467], [-73.7401552, 5.8597559], [-73.7403888, 5.8594755], [-73.7405992, 5.859125], [-73.7407862, 5.8586575], [-73.740833, 5.8584471], [-73.7408703, 5.8582778], [-73.7409734, 5.8579328], [-73.7410629, 5.8575604], [-73.7411033, 5.8574829], [-73.7411936, 5.8572174], [-73.7412521, 5.8569136], [-73.7412719, 5.8565953], [-73.741252, 5.856277], [-73.7411934, 5.8559734], [-73.7411028, 5.8557076], [-73.7409818, 5.8554763], [-73.7408711, 5.8553284], [-73.7406574, 5.8551308], [-73.7405971, 5.8550397], [-73.7405539, 5.854934], [-73.7405194, 5.8548104], [-73.740489, 5.854558], [-73.7405115, 5.8543772], [-73.7405399, 5.8543133], [-73.7405789, 5.8542691], [-73.7406482, 5.8542423], [-73.7408525, 5.8542534], [-73.7409397, 5.8542343], [-73.7410508, 5.8541677], [-73.7411324, 5.8540619], [-73.7411834, 5.853922], [-73.7412067, 5.8537453], [-73.7412024, 5.8535318], [-73.7411704, 5.8532815], [-73.740992, 5.8526924], [-73.7403417, 5.852106], [-73.7396906, 5.8513428], [-73.7392746, 5.8505195], [-73.7390927, 5.8494004], [-73.7388531, 5.8485173], [-73.7384957, 5.8476348], [-73.7380798, 5.8468115], [-73.7374876, 5.8460479], [-73.736837, 5.8454026], [-73.7363025, 5.844403], [-73.7358866, 5.8435797], [-73.7358777, 5.8416934], [-73.7362856, 5.8408073], [-73.7368708, 5.8400971], [-73.7375147, 5.8393278], [-73.7384548, 5.8389696], [-73.7393363, 5.8386707], [-73.7398619, 5.837784], [-73.7405649, 5.8370733], [-73.7413853, 5.8363031], [-73.742148, 5.8357689], [-73.7429099, 5.835058], [-73.7437311, 5.8344646], [-73.7445516, 5.8336944], [-73.7451357, 5.8327485], [-73.745897, 5.8319196], [-73.7467763, 5.8311491], [-73.7473615, 5.830439], [-73.748183, 5.8299045], [-73.7488257, 5.8288876], [-73.7489978, 5.8279436], [-73.749582, 5.8269977], [-73.7502252, 5.8261104], [-73.7508693, 5.8254], [-73.7515715, 5.8245125], [-73.7514493, 5.8235699], [-73.7512097, 5.8226868], [-73.7512052, 5.8217437], [-73.7513773, 5.8207997], [-73.7516671, 5.8198552], [-73.7520753, 5.819028], [-73.7520663, 5.8171417], [-73.752003, 5.8161988], [-73.7519986, 5.8152557], [-73.7521118, 5.814312], [-73.7523422, 5.8132499], [-73.7525688, 5.8113625], [-73.7528583, 5.810359], [-73.753325, 5.8094726], [-73.7541462, 5.8088793], [-73.7547312, 5.8081102], [-73.7553136, 5.8068106], [-73.7554843, 5.8055719], [-73.7554752, 5.8036267], [-73.7553474, 5.8015052], [-73.7554018, 5.8005618], [-73.7553974, 5.7996186], [-73.7552752, 5.7986761], [-73.7546239, 5.7978539], [-73.753798, 5.7974452], [-73.7520295, 5.7968641], [-73.751145, 5.7965145], [-73.7503768, 5.7958698], [-73.7499601, 5.7948696], [-73.7501913, 5.7939843], [-73.7508354, 5.7932739], [-73.7514798, 5.7926224], [-73.7521236, 5.7918531], [-73.752414, 5.7910324], [-73.7524686, 5.7901302], [-73.7526999, 5.7892449], [-73.7527543, 5.7883015], [-73.7528085, 5.7872991], [-73.7529217, 5.7863554], [-73.7534478, 5.7855867], [-73.7541494, 5.7845812], [-73.7547332, 5.7835764], [-73.7548465, 5.7826327], [-73.754842, 5.7816896], [-73.7553076, 5.7805674], [-73.7557746, 5.7797399], [-73.7561816, 5.7786769], [-73.7566485, 5.7778495], [-73.7583472, 5.776132], [-73.7591095, 5.7755389], [-73.7599888, 5.7747685], [-73.7608691, 5.7742338], [-73.7619842, 5.7735801], [-73.7630411, 5.7730446], [-73.764038, 5.7722736], [-73.7648, 5.7716216], [-73.7652669, 5.7707941], [-73.7657925, 5.7699074], [-73.7666711, 5.7690191], [-73.767138, 5.7681916], [-73.767487, 5.7673058], [-73.7678948, 5.7664196], [-73.7685385, 5.7656503], [-73.7684164, 5.7647077], [-73.7688242, 5.7638216], [-73.7695867, 5.7632875], [-73.7704082, 5.7627531], [-73.7713478, 5.762336], [-73.7719922, 5.7616845], [-73.7723403, 5.7606219], [-73.7728652, 5.7596173], [-73.7736264, 5.7587884], [-73.7744467, 5.7580182], [-73.7750316, 5.7572492], [-73.7754508, 5.7556521]]]}}]}